,P_resname,Part,F,Part2
0,ALA,C1A,580.52413221,Tail
1,ALA,C1B,697.336966675,Tail
2,ALA,C2B,471.123849063,Tail
3,ALA,C3A,567.971496245,Tail
4,ALA,C3B,595.068471924,Tail
5,ALA,C4A,644.166423823,Tail
6,ALA,C4B,538.209373046,Tail
7,ALA,D2A,604.382040327,Tail
8,ALA,GL,2246.22151393,GL
9,ALA,NC3,925.85621538,Head
10,ALA,PO4,3372.69657595,Head
11,ARG,C1A,1856.69749226,Tail
12,ARG,C1B,1177.44389525,Tail
13,ARG,C2B,701.971623757,Tail
14,ARG,C3A,173.068577376,Tail
15,ARG,C4A,263.88329696,Tail
16,ARG,C4B,508.925511892,Tail
17,ARG,D2A,1179.9058706,Tail
18,ARG,GL,8529.84618087,GL
19,ARG,NC3,6389.84196831,Head
20,ARG,PO4,15344.4642589,Head
21,ASN,GL,3801.60699311,GL
22,ASN,NC3,3803.90247067,Head
23,ASN,PO4,4706.56218186,Head
24,ASP,C1A,108.183483092,Tail
25,ASP,C1B,459.53965433,Tail
26,ASP,C3A,98.8249549376,Tail
27,ASP,D2A,110.713735612,Tail
28,ASP,GL,1014.60272353,GL
29,ASP,NC3,1409.94448469,Head
30,ASP,PO4,5202.70669651,Head
31,CYS,C1A,90.9048968908,Tail
32,CYS,C1B,863.063590887,Tail
33,CYS,C2B,635.500622544,Tail
34,CYS,C3A,802.280464039,Tail
35,CYS,C3B,797.135132244,Tail
36,CYS,C4A,597.0061238,Tail
37,CYS,C4B,703.186679431,Tail
38,CYS,D2A,681.378143149,Tail
39,CYS,GL,735.6811286,GL
40,GLN,C1A,1816.01812135,Tail
41,GLN,C1B,1236.87208682,Tail
42,GLN,C2B,1089.12005587,Tail
43,GLN,C3A,1009.10942743,Tail
44,GLN,C3B,1838.82950667,Tail
45,GLN,C4B,624.755961184,Tail
46,GLN,D2A,1539.61145008,Tail
47,GLN,GL,2088.5985072,GL
48,GLN,NC3,3341.23645434,Head
49,GLN,PO4,2867.46493474,Head
50,GLU,C1A,807.276300644,Tail
51,GLU,C1B,1184.93066389,Tail
52,GLU,C2B,597.941182092,Tail
53,GLU,C3A,397.130072494,Tail
54,GLU,C4A,105.981944609,Tail
55,GLU,C4B,650.869892086,Tail
56,GLU,D2A,285.145930055,Tail
57,GLU,GL,3548.52238111,GL
58,GLU,NC3,3608.84816776,Head
59,GLU,PO4,7692.67395738,Head
60,GLY,C1A,462.926843881,Tail
61,GLY,C1B,468.49164856,Tail
62,GLY,C2B,162.749103402,Tail
63,GLY,C3A,163.109546863,Tail
64,GLY,C3B,362.091766831,Tail
65,GLY,C4A,284.378294969,Tail
66,GLY,C4B,445.936469099,Tail
67,GLY,D2A,226.303510257,Tail
68,GLY,GL,2204.29276973,GL
69,GLY,NC3,800.162380616,Head
70,GLY,PO4,3325.93320695,Head
71,ILE,C1A,1102.29047777,Tail
72,ILE,C1B,1031.54228427,Tail
73,ILE,C2B,818.924414988,Tail
74,ILE,C3A,969.62322568,Tail
75,ILE,C3B,838.205177224,Tail
76,ILE,C4A,929.443255435,Tail
77,ILE,C4B,890.635352569,Tail
78,ILE,D2A,1084.10531614,Tail
79,ILE,GL,2248.3520215,GL
80,ILE,NC3,2215.87507863,Head
81,ILE,PO4,2423.19828391,Head
82,LEU,C1A,1056.68387561,Tail
83,LEU,C1B,910.69769436,Tail
84,LEU,C2B,680.923232552,Tail
85,LEU,C3A,970.857783677,Tail
86,LEU,C3B,756.366654282,Tail
87,LEU,C4A,813.970664105,Tail
88,LEU,C4B,921.057803429,Tail
89,LEU,D2A,1212.58950486,Tail
90,LEU,GL,2734.7265254,GL
91,LEU,NC3,1276.67742977,Head
92,LEU,PO4,2799.5336007,Head
93,LYS,C1A,912.086145299,Tail
94,LYS,C1B,760.400388265,Tail
95,LYS,C2B,777.942256224,Tail
96,LYS,C3A,926.434290083,Tail
97,LYS,C3B,932.795199574,Tail
98,LYS,C4A,897.575041697,Tail
99,LYS,C4B,804.763047344,Tail
100,LYS,D2A,905.933857925,Tail
101,LYS,GL,3705.50338724,GL
102,LYS,NC3,2630.98474687,Head
103,LYS,PO4,6464.03584353,Head
104,MET,C1A,73.0078828119,Tail
105,MET,C1B,131.355719054,Tail
106,MET,C2B,85.9932419475,Tail
107,MET,C3B,74.3312398732,Tail
108,MET,C4A,89.8931304811,Tail
109,MET,GL,222.824103944,GL
110,MET,NC3,696.336840294,Head
111,PHE,C1A,790.417923973,Tail
112,PHE,C1B,769.435166017,Tail
113,PHE,C2B,539.794266859,Tail
114,PHE,C3A,908.495403049,Tail
115,PHE,C3B,693.948007104,Tail
116,PHE,C4A,884.044807331,Tail
117,PHE,C4B,983.301654084,Tail
118,PHE,D2A,892.809831669,Tail
119,PHE,GL,1572.44045264,GL
120,PHE,NC3,1881.83671361,Head
121,PHE,PO4,1458.08294202,Head
122,PRO,C1A,614.735932972,Tail
123,PRO,C1B,761.723963576,Tail
124,PRO,C2B,615.523865449,Tail
125,PRO,C3A,699.682428859,Tail
126,PRO,C3B,957.944335802,Tail
127,PRO,C4A,470.272118976,Tail
128,PRO,C4B,1226.29407774,Tail
129,PRO,D2A,956.05661739,Tail
130,PRO,GL,487.010933405,GL
131,PRO,NC3,1283.38106173,Head
132,PRO,PO4,849.92135516,Head
133,SER,C1A,890.00586989,Tail
134,SER,C1B,469.413058503,Tail
135,SER,C2B,400.657981465,Tail
136,SER,C3A,1038.69419128,Tail
137,SER,C3B,311.585307327,Tail
138,SER,C4A,935.003437728,Tail
139,SER,C4B,587.04976163,Tail
140,SER,D2A,1415.74879753,Tail
141,SER,GL,1656.87527164,GL
142,SER,NC3,2030.82756201,Head
143,SER,PO4,3715.27739726,Head
144,THR,C1A,765.17424593,Tail
145,THR,C1B,1329.84020225,Tail
146,THR,C2B,1021.39061785,Tail
147,THR,C3A,565.55266011,Tail
148,THR,C3B,1020.9674204,Tail
149,THR,C4A,758.584220096,Tail
150,THR,C4B,884.105413957,Tail
151,THR,D2A,878.050905059,Tail
152,THR,GL,2725.17572496,GL
153,THR,NC3,2902.35771907,Head
154,THR,PO4,4956.72001847,Head
155,TRP,C1A,1585.33610968,Tail
156,TRP,C1B,1334.99879534,Tail
157,TRP,C2B,810.583419387,Tail
158,TRP,C3A,1017.32312932,Tail
159,TRP,C3B,1190.79199103,Tail
160,TRP,C4A,1091.89426264,Tail
161,TRP,C4B,1156.48738348,Tail
162,TRP,D2A,1265.63265065,Tail
163,TRP,GL,4597.29144726,GL
164,TRP,NC3,3131.53801263,Head
165,TRP,PO4,4415.38050172,Head
166,TYR,C1A,1086.00054655,Tail
167,TYR,C1B,884.076606885,Tail
168,TYR,C2B,637.277242334,Tail
169,TYR,C3A,865.41852452,Tail
170,TYR,C3B,587.653503065,Tail
171,TYR,C4A,1279.73856871,Tail
172,TYR,C4B,1094.52354459,Tail
173,TYR,D2A,825.630701093,Tail
174,TYR,GL,3899.846024,GL
175,TYR,NC3,3028.98206154,Head
176,TYR,PO4,3214.19303273,Head
177,VAL,C1A,772.024974007,Tail
178,VAL,C1B,993.859062193,Tail
179,VAL,C2B,757.249570469,Tail
180,VAL,C3A,803.827491106,Tail
181,VAL,C3B,816.398332463,Tail
182,VAL,C4A,837.388876772,Tail
183,VAL,C4B,847.145078572,Tail
184,VAL,D2A,830.414597165,Tail
185,VAL,GL,2189.94113605,GL
186,VAL,NC3,1729.41871758,Head
187,VAL,PO4,2156.06657882,Head
