,P_resid,L_resid,Polarity,P_resname,F
0,1,524,basic polar,LYS,647.684491048
1,1,527,basic polar,LYS,2580.51253071
2,1,563,basic polar,LYS,1548.99534615
3,1,580,basic polar,LYS,802.023606574
4,1,596,basic polar,LYS,835.892829635
5,2,524,nonpolar,TRP,1277.17364211
6,2,527,nonpolar,TRP,4611.93980346
7,2,559,nonpolar,TRP,7477.27919944
8,2,563,nonpolar,TRP,6969.93526536
9,2,571,nonpolar,TRP,4430.06945591
10,2,580,nonpolar,TRP,13647.3310344
11,2,590,nonpolar,TRP,2980.50388796
12,2,596,nonpolar,TRP,2182.43707471
13,2,681,nonpolar,TRP,70.1448461944
14,3,524,basic polar,LYS,10249.5759045
15,3,553,basic polar,LYS,494.482695041
16,3,554,basic polar,LYS,6257.55658531
17,3,559,basic polar,LYS,20245.7317637
18,3,561,basic polar,LYS,8285.26147777
19,3,563,basic polar,LYS,1793.47346816
20,3,571,basic polar,LYS,181.125271934
21,3,580,basic polar,LYS,2274.62352639
22,3,590,basic polar,LYS,199.122194834
23,3,596,basic polar,LYS,198.11430076
24,4,524,polar,THR,11309.8148719
25,4,559,polar,THR,779.617288588
26,4,561,polar,THR,603.410718359
27,5,524,nonpolar,VAL,127.121123164
28,5,527,nonpolar,VAL,1866.98006484
29,5,559,nonpolar,VAL,100.469828648
30,5,563,nonpolar,VAL,1849.83389618
31,5,580,nonpolar,VAL,1831.79425817
32,5,590,nonpolar,VAL,842.185099415
33,5,596,nonpolar,VAL,3462.23158513
34,6,527,nonpolar,VAL,1737.72896716
35,6,559,nonpolar,VAL,8089.33929397
36,6,561,nonpolar,VAL,65.2739099661
37,6,563,nonpolar,VAL,1359.22536967
38,6,571,nonpolar,VAL,56.7400388834
39,6,580,nonpolar,VAL,2589.30458042
40,6,589,nonpolar,VAL,1380.95406631
41,6,590,nonpolar,VAL,4242.3697492
42,6,596,nonpolar,VAL,2907.29777504
43,6,686,nonpolar,VAL,126.09691988
44,6,711,nonpolar,VAL,1164.14103045
45,7,524,nonpolar,ALA,3794.5034115
46,7,527,nonpolar,ALA,64.9582377898
47,7,554,nonpolar,ALA,375.839051702
48,7,559,nonpolar,ALA,4902.58042962
49,7,561,nonpolar,ALA,1752.33326301
50,7,563,nonpolar,ALA,610.218531712
51,7,580,nonpolar,ALA,62.7853367339
52,7,590,nonpolar,ALA,669.150325914
53,7,686,nonpolar,ALA,62.785829069
54,7,711,nonpolar,ALA,68.2598520068
55,8,524,nonpolar,ILE,6253.82257002
56,8,526,nonpolar,ILE,67.7790182091
57,8,553,nonpolar,ILE,69.3875169347
58,8,559,nonpolar,ILE,418.9022508
59,8,563,nonpolar,ILE,91.7707648062
60,9,524,nonpolar,PHE,130.94951326
61,9,527,nonpolar,PHE,2692.72680805
62,9,559,nonpolar,PHE,1150.9003341
63,9,563,nonpolar,PHE,1247.73308275
64,9,566,nonpolar,PHE,296.893473167
65,9,580,nonpolar,PHE,921.628142802
66,9,589,nonpolar,PHE,1302.50076514
67,9,590,nonpolar,PHE,3305.05624331
68,9,596,nonpolar,PHE,2301.79862375
69,9,668,nonpolar,PHE,665.772070473
70,9,681,nonpolar,PHE,1537.68244327
71,9,686,nonpolar,PHE,1257.38000207
72,9,711,nonpolar,PHE,1825.03316926
73,10,524,nonpolar,VAL,1031.53032953
74,10,527,nonpolar,VAL,368.388628065
75,10,554,nonpolar,VAL,1555.31734306
76,10,559,nonpolar,VAL,5837.7460659
77,10,561,nonpolar,VAL,673.734313367
78,10,563,nonpolar,VAL,1885.71504571
79,10,573,nonpolar,VAL,1061.28557556
80,10,580,nonpolar,VAL,1504.17722295
81,10,588,nonpolar,VAL,185.495635696
82,10,589,nonpolar,VAL,1600.64227578
83,10,590,nonpolar,VAL,1912.0777504
84,10,685,nonpolar,VAL,1066.82295017
85,10,686,nonpolar,VAL,4230.93834369
86,10,711,nonpolar,VAL,2702.08298407
87,11,524,nonpolar,VAL,6039.7998703
88,11,526,nonpolar,VAL,62.4112443603
89,11,554,nonpolar,VAL,2395.71892154
90,11,559,nonpolar,VAL,3226.12869845
91,11,561,nonpolar,VAL,1740.01165606
92,11,573,nonpolar,VAL,1756.79762539
93,11,590,nonpolar,VAL,63.5804285506
94,11,612,nonpolar,VAL,453.376207688
95,11,685,nonpolar,VAL,83.2688022683
96,11,686,nonpolar,VAL,77.9247546427
97,12,524,nonpolar,VAL,253.113741035
98,12,527,nonpolar,VAL,137.139090661
99,12,559,nonpolar,VAL,200.833593519
100,12,561,nonpolar,VAL,87.8054369593
101,12,681,nonpolar,VAL,784.270217526
102,12,711,nonpolar,VAL,548.161192713
103,13,527,nonpolar,VAL,58.6148053525
104,13,559,nonpolar,VAL,2095.41953633
105,13,589,nonpolar,VAL,1887.0610687
106,13,590,nonpolar,VAL,1135.68865305
107,13,596,nonpolar,VAL,61.9930713679
108,13,668,nonpolar,VAL,352.042438838
109,13,681,nonpolar,VAL,1204.04978611
110,13,685,nonpolar,VAL,133.58142063
111,13,686,nonpolar,VAL,4940.68415751
112,13,711,nonpolar,VAL,3525.29213625
113,14,524,nonpolar,VAL,1038.11541182
114,14,554,nonpolar,VAL,1350.78163755
115,14,559,nonpolar,VAL,1594.73396182
116,14,561,nonpolar,VAL,2559.21714194
117,14,573,nonpolar,VAL,1425.91603368
118,14,586,nonpolar,VAL,61.6417753862
119,14,612,nonpolar,VAL,1418.48067743
120,14,625,nonpolar,VAL,2404.94864998
121,14,631,nonpolar,VAL,238.538726254
122,14,644,nonpolar,VAL,151.785905744
123,14,653,nonpolar,VAL,1850.36580537
124,14,685,nonpolar,VAL,918.495356583
125,14,686,nonpolar,VAL,5212.06833327
126,14,706,nonpolar,VAL,1017.46342802
127,14,708,nonpolar,VAL,128.890470312
128,14,711,nonpolar,VAL,116.265581983
129,14,715,nonpolar,VAL,62.448972485
130,15,524,polar,TYR,2683.23854087
131,15,553,polar,TYR,553.150696791
132,15,554,polar,TYR,86.8543557608
133,15,559,polar,TYR,385.383481776
134,15,561,polar,TYR,2270.69744991
135,15,573,polar,TYR,78.6812629248
136,15,612,polar,TYR,1948.46644492
137,15,631,polar,TYR,3245.77189255
138,15,644,polar,TYR,3415.51045568
139,15,653,polar,TYR,1363.9501504
140,15,679,polar,TYR,143.925313615
141,15,686,polar,TYR,128.102272236
142,15,706,polar,TYR,202.902639568
143,16,524,nonpolar,LEU,81.929562325
144,16,612,nonpolar,LEU,89.1969790839
145,16,681,nonpolar,LEU,561.162026712
146,16,686,nonpolar,LEU,177.914497891
147,16,711,nonpolar,LEU,3193.12544204
148,17,612,nonpolar,VAL,691.059419071
149,17,625,nonpolar,VAL,79.4858128653
150,17,653,nonpolar,VAL,990.572035736
151,17,685,nonpolar,VAL,328.841191497
152,17,686,nonpolar,VAL,7542.91838979
153,17,688,nonpolar,VAL,58.4564078218
154,17,711,nonpolar,VAL,2832.64396053
155,17,715,nonpolar,VAL,53.9910084719
156,18,524,polar,THR,1165.00436556
157,18,554,polar,THR,76.438634489
158,18,559,polar,THR,131.604582599
159,18,561,polar,THR,539.5799644
160,18,612,polar,THR,6338.57466834
161,18,625,polar,THR,1892.35145771
162,18,631,polar,THR,2438.16828105
163,18,644,polar,THR,2459.30244987
164,18,653,polar,THR,2994.44761764
165,18,686,polar,THR,2855.581572
166,18,706,polar,THR,841.426702976
167,18,708,polar,THR,152.44801311
168,19,524,nonpolar,GLY,45.8822901892
169,19,612,nonpolar,GLY,406.078777942
170,19,631,nonpolar,GLY,792.208009705
171,19,644,nonpolar,GLY,2101.46333805
172,19,653,nonpolar,GLY,185.940185086
173,19,686,nonpolar,GLY,90.1144530179
174,20,612,nonpolar,GLY,82.6678269597
175,20,644,nonpolar,GLY,55.7600772697
176,20,653,nonpolar,GLY,124.339839621
177,21,612,nonpolar,LEU,6217.41059057
178,21,625,nonpolar,LEU,58.8353900067
179,21,631,nonpolar,LEU,79.0292107835
180,21,644,nonpolar,LEU,324.623499554
181,21,653,nonpolar,LEU,6553.87234078
182,21,685,nonpolar,LEU,59.7349502234
183,21,686,nonpolar,LEU,6942.29352952
184,21,711,nonpolar,LEU,3537.63930054
185,22,612,nonpolar,VAL,6050.40749133
186,22,631,nonpolar,VAL,3513.88440259
187,22,644,nonpolar,VAL,1956.78683509
188,22,653,nonpolar,VAL,6792.05308928
189,22,706,nonpolar,VAL,375.241341326
190,23,612,nonpolar,PHE,147.718374263
191,23,644,nonpolar,PHE,73.7714373424
192,23,653,nonpolar,PHE,79.2441495597
193,24,612,basic polar,ARG,9621.56162203
194,24,644,basic polar,ARG,3441.12566685
195,24,653,basic polar,ARG,16303.8574935
196,24,686,basic polar,ARG,29836.3439672
197,24,711,basic polar,ARG,3183.95265807
198,25,612,nonpolar,ALA,7829.88578364
199,25,631,nonpolar,ALA,57.6174366611
200,25,644,nonpolar,ALA,2622.58537725
201,25,653,nonpolar,ALA,5930.73106936
202,25,686,nonpolar,ALA,1535.49045285
203,25,706,nonpolar,ALA,111.299102162
204,26,612,nonpolar,LEU,6220.11961262
205,26,631,nonpolar,LEU,10387.2041981
206,26,644,nonpolar,LEU,1085.06416487
207,26,653,nonpolar,LEU,8726.90458775
208,26,706,nonpolar,LEU,491.328910547
209,27,653,acidic polar,GLU,108.618527255
210,28,612,polar,GLN,2389.30704236
211,28,644,polar,GLN,1523.86396039
212,28,686,polar,GLN,5613.97313649
213,29,612,nonpolar,PRO,3239.1548083
214,29,631,nonpolar,PRO,525.158229733
215,29,644,nonpolar,PRO,2434.65167259
216,29,653,nonpolar,PRO,3197.64529356
217,29,686,nonpolar,PRO,607.166660046
218,30,631,nonpolar,PHE,5163.52726128
219,30,644,nonpolar,PHE,207.82746035
220,32,612,polar,SER,1009.96375287
221,32,686,polar,SER,188.818660511
222,33,612,polar,SER,243.018083247
223,33,631,polar,SER,621.598996173
224,33,644,polar,SER,393.849577504
225,81,604,polar,ASN,259.322636655
226,85,601,nonpolar,TRP,235.117597817
227,85,655,nonpolar,TRP,768.82537469
228,86,601,acidic polar,ASP,770.501978105
229,86,604,acidic polar,ASP,251.152134365
230,86,655,acidic polar,ASP,4923.89564871
231,87,601,nonpolar,LEU,1392.60159903
232,87,604,nonpolar,LEU,1989.27152629
233,87,643,nonpolar,LEU,57.2193713765
234,87,655,nonpolar,LEU,12766.4162868
235,88,604,nonpolar,GLY,1501.71149909
236,88,655,nonpolar,GLY,3047.74038281
237,88,671,nonpolar,GLY,48.3501751832
238,89,604,polar,SER,168.214831236
239,89,655,polar,SER,842.92927982
240,90,604,nonpolar,ALA,71.2126772092
241,91,604,nonpolar,PHE,3042.66098744
242,91,647,nonpolar,PHE,517.425524312
243,91,655,nonpolar,PHE,3021.43228479
244,91,671,nonpolar,PHE,1204.30906311
245,92,604,nonpolar,PHE,130.888969317
246,92,655,nonpolar,PHE,65.791674805
247,100,536,polar,THR,70.5060965734
248,109,678,polar,SER,1141.34590007
249,109,692,polar,SER,170.383077242
250,110,605,polar,THR,1083.63477051
251,110,678,polar,THR,11820.6005495
252,110,692,polar,THR,1313.60287062
253,110,693,polar,THR,3716.70390324
254,111,605,acidic polar,GLU,7682.07789126
255,111,616,acidic polar,GLU,264.369288603
256,111,620,acidic polar,GLU,329.766803299
257,111,678,acidic polar,GLU,12442.4578405
258,111,692,acidic polar,GLU,7409.59708172
259,111,693,acidic polar,GLU,236.812360108
260,112,605,nonpolar,GLY,1130.17120055
261,112,678,nonpolar,GLY,13882.8270336
262,112,692,nonpolar,GLY,1324.55845447
263,112,693,nonpolar,GLY,203.298161665
264,113,678,nonpolar,GLY,4691.07967284
265,113,692,nonpolar,GLY,175.722049013
266,114,678,basic polar,LYS,907.612263276
267,114,692,basic polar,LYS,242.456230851
268,115,605,nonpolar,ILE,6594.63024666
269,115,620,nonpolar,ILE,222.70302319
270,115,678,nonpolar,ILE,7432.53691647
271,115,692,nonpolar,ILE,7155.2143481
272,116,601,nonpolar,PHE,64.4594265445
273,116,605,nonpolar,PHE,271.20284353
274,116,641,nonpolar,PHE,288.729495484
275,116,678,nonpolar,PHE,11630.972806
276,116,692,nonpolar,PHE,86.5996636972
277,117,678,nonpolar,CYS,105.962244946
278,118,536,nonpolar,ILE,159.397989445
279,118,605,nonpolar,ILE,110.99503577
280,118,641,nonpolar,ILE,81.4361176671
281,118,678,nonpolar,ILE,84.2512038164
282,118,692,nonpolar,ILE,3808.47037363
283,119,536,nonpolar,LEU,144.86886978
284,119,605,nonpolar,LEU,4082.3705719
285,119,620,nonpolar,LEU,237.344038672
286,119,641,nonpolar,LEU,928.814647555
287,119,650,nonpolar,LEU,2515.71172379
288,119,678,nonpolar,LEU,6194.14183455
289,119,692,nonpolar,LEU,4385.22519114
290,120,641,polar,TYR,242.245345851
291,120,650,polar,TYR,86.5747117435
292,120,678,polar,TYR,3125.26269935
293,121,536,nonpolar,ALA,82.6680196792
294,121,678,nonpolar,ALA,120.39909563
295,122,536,nonpolar,ILE,3975.82747061
296,122,550,nonpolar,ILE,363.391176391
297,122,605,nonpolar,ILE,217.028048377
298,122,616,nonpolar,ILE,99.1249064006
299,122,620,nonpolar,ILE,74.317348664
300,122,641,nonpolar,ILE,1826.65619394
301,122,650,nonpolar,ILE,358.876560432
302,122,678,nonpolar,ILE,148.764293431
303,122,692,nonpolar,ILE,3950.59025215
304,123,530,nonpolar,PHE,732.999612212
305,123,536,nonpolar,PHE,4379.72186908
306,123,550,nonpolar,PHE,1221.58263797
307,123,583,nonpolar,PHE,1114.44352352
308,123,605,nonpolar,PHE,1802.28979457
309,123,615,nonpolar,PHE,100.935344768
310,123,620,nonpolar,PHE,1036.14635228
311,123,641,nonpolar,PHE,3505.005448
312,123,650,nonpolar,PHE,2194.62515248
313,123,678,nonpolar,PHE,4046.31989226
314,123,692,nonpolar,PHE,2302.70403146
315,124,536,nonpolar,GLY,341.46215886
316,124,550,nonpolar,GLY,703.076559895
317,124,641,nonpolar,GLY,182.379921218
318,124,678,nonpolar,GLY,203.698337825
319,125,536,nonpolar,ILE,1124.94355808
320,125,550,nonpolar,ILE,103.876861311
321,126,536,nonpolar,PRO,4966.67234964
322,126,550,nonpolar,PRO,3030.41168375
323,126,678,nonpolar,PRO,61.0057859091
324,126,692,nonpolar,PRO,640.577891231
325,127,530,nonpolar,LEU,118.533526729
326,127,536,nonpolar,LEU,3737.75496773
327,127,550,nonpolar,LEU,2584.46991409
328,127,560,nonpolar,LEU,1177.69529045
329,127,577,nonpolar,LEU,396.627586856
330,127,583,nonpolar,LEU,1713.92835897
331,127,601,nonpolar,LEU,521.447782574
332,127,641,nonpolar,LEU,923.222440516
333,127,678,nonpolar,LEU,1363.66808798
334,127,692,nonpolar,LEU,76.3416884789
335,128,536,nonpolar,PHE,145.428335704
336,128,550,nonpolar,PHE,217.105378838
337,128,598,nonpolar,PHE,302.607665127
338,128,604,nonpolar,PHE,623.051851214
339,128,655,nonpolar,PHE,908.273150574
340,129,536,nonpolar,GLY,250.480026304
341,130,536,nonpolar,PHE,5882.97897835
342,130,550,nonpolar,PHE,1314.57453463
343,130,577,nonpolar,PHE,266.544343116
344,131,536,nonpolar,LEU,274.385662178
345,131,581,nonpolar,LEU,1014.55821831
346,131,587,nonpolar,LEU,350.871581336
347,131,598,nonpolar,LEU,525.076069032
348,131,599,nonpolar,LEU,1350.33954426
349,131,604,nonpolar,LEU,677.188118398
350,131,655,nonpolar,LEU,1001.46696511
351,132,598,nonpolar,LEU,556.097411659
352,134,581,nonpolar,GLY,172.839055129
353,134,598,nonpolar,GLY,696.852673912
354,135,558,nonpolar,ILE,1761.4049156
355,135,567,nonpolar,ILE,449.992813396
356,135,581,nonpolar,ILE,2326.80032923
357,135,587,nonpolar,ILE,932.006906878
358,135,598,nonpolar,ILE,3960.04832202
359,135,599,nonpolar,ILE,2246.82993729
360,135,655,nonpolar,ILE,343.605463563
361,136,581,nonpolar,GLY,114.865624991
362,136,598,nonpolar,GLY,55.9108332688
363,138,581,polar,GLN,8842.63899179
364,138,587,polar,GLN,1044.22960087
365,138,598,polar,GLN,3070.75582976
366,139,541,nonpolar,LEU,328.439567348
367,139,558,nonpolar,LEU,669.062693244
368,139,567,nonpolar,LEU,1777.9956341
369,139,581,nonpolar,LEU,1510.51384512
370,139,598,nonpolar,LEU,5724.56374746
371,139,599,nonpolar,LEU,73.2897039633
372,141,581,polar,THR,10615.4977549
373,141,598,polar,THR,266.144140073
374,142,558,nonpolar,ILE,146.12379617
375,142,562,nonpolar,ILE,79.7100389444
376,142,567,nonpolar,ILE,2602.29844039
377,142,581,nonpolar,ILE,3451.67850452
378,142,587,nonpolar,ILE,466.717077134
379,142,598,nonpolar,ILE,11208.5337829
380,142,599,nonpolar,ILE,128.203488191
381,143,541,nonpolar,PHE,821.784411761
382,143,562,nonpolar,PHE,993.898966316
383,143,567,nonpolar,PHE,2665.85333081
384,143,598,nonpolar,PHE,1896.69094246
385,143,647,nonpolar,PHE,46.2266929039
386,144,526,nonpolar,GLY,177.853777393
387,144,562,nonpolar,GLY,118.066581323
388,144,598,nonpolar,GLY,57.9441640191
389,145,562,basic polar,LYS,91.7794466515
390,145,567,basic polar,LYS,253.885365673
391,145,581,basic polar,LYS,10033.4571717
392,145,587,basic polar,LYS,1795.59026175
393,145,598,basic polar,LYS,18421.4648932
394,145,599,basic polar,LYS,859.211892772
395,146,541,polar,SER,476.985249425
396,146,562,polar,SER,1840.28447315
397,146,567,polar,SER,4194.03495099
398,146,598,polar,SER,8621.49983786
399,147,526,nonpolar,ILE,547.1590528
400,147,541,nonpolar,ILE,147.916649877
401,147,562,nonpolar,ILE,2038.9126926
402,147,567,nonpolar,ILE,289.746325185
403,147,598,nonpolar,ILE,121.390955175
404,148,526,nonpolar,ALA,310.782737966
405,148,562,nonpolar,ALA,127.809523618
406,148,567,nonpolar,ALA,65.8727904579
407,148,598,nonpolar,ALA,685.424928277
408,149,541,basic polar,ARG,667.872543949
409,149,558,basic polar,ARG,32652.6049443
410,149,562,basic polar,ARG,354.832842156
411,149,567,basic polar,ARG,46934.8022036
412,149,578,basic polar,ARG,10283.6741466
413,149,591,basic polar,ARG,721.40019637
414,149,598,basic polar,ARG,36068.5016822
415,150,541,nonpolar,VAL,1911.87621382
416,150,562,nonpolar,VAL,4354.71477393
417,150,567,nonpolar,VAL,5997.02954478
418,150,591,nonpolar,VAL,53.1991857506
419,150,598,nonpolar,VAL,1947.40311169
420,151,526,acidic polar,GLU,2478.64741652
421,151,541,acidic polar,GLU,420.292266389
422,151,562,acidic polar,GLU,151.465957861
423,151,567,acidic polar,GLU,188.579121404
424,152,526,basic polar,LYS,1625.84918927
425,152,567,basic polar,LYS,3590.85834812
426,152,598,basic polar,LYS,1935.57073756
427,153,541,nonpolar,VAL,2279.47359658
428,153,562,nonpolar,VAL,217.632594278
429,153,567,nonpolar,VAL,9303.80673637
430,153,591,nonpolar,VAL,747.16144947
431,153,598,nonpolar,VAL,566.36280051
432,154,525,nonpolar,PHE,678.989279681
433,154,541,nonpolar,PHE,2575.24919104
434,154,562,nonpolar,PHE,6532.85526347
435,154,567,nonpolar,PHE,2383.64911086
436,154,591,nonpolar,PHE,3609.20266525
437,154,597,nonpolar,PHE,121.439710623
438,155,526,basic polar,ARG,2526.20212939
439,156,541,basic polar,LYS,954.516679128
440,156,567,basic polar,LYS,5258.3265759
441,157,541,basic polar,LYS,5618.46044403
442,157,542,basic polar,LYS,1341.45958217
443,157,562,basic polar,LYS,3436.86524491
444,157,567,basic polar,LYS,2205.67544244
445,157,591,basic polar,LYS,12594.525948
446,158,562,polar,GLN,6046.90821282
447,158,591,polar,GLN,2621.99561121
448,159,525,nonpolar,VAL,64.6155248526
449,159,562,nonpolar,VAL,10237.6764
450,159,591,nonpolar,VAL,2780.20241943
451,159,597,nonpolar,VAL,67.2758131992
452,160,538,polar,SER,889.861634543
453,160,553,polar,SER,181.954273693
454,160,562,polar,SER,6185.90670922
455,160,597,polar,SER,8934.72050272
456,161,526,polar,GLN,7376.68790749
457,161,553,polar,GLN,5806.45238749
458,161,562,polar,GLN,746.956832629
459,161,597,polar,GLN,1181.46449726
460,162,526,polar,THR,4919.38210235
461,162,553,polar,THR,5806.91119556
462,162,554,polar,THR,1274.06338665
463,162,597,polar,THR,10239.3887663
464,163,525,basic polar,LYS,915.056512942
465,163,529,basic polar,LYS,95.0001853863
466,163,538,basic polar,LYS,11851.7077835
467,163,542,basic polar,LYS,2151.47638728
468,163,553,basic polar,LYS,1119.25117116
469,163,554,basic polar,LYS,92.8109928339
470,163,562,basic polar,LYS,21303.0698403
471,163,597,basic polar,LYS,15044.2688241
472,164,526,nonpolar,ILE,78.482789038
473,164,562,nonpolar,ILE,4451.36719101
474,164,591,nonpolar,ILE,71.4222487557
475,164,597,nonpolar,ILE,203.134749589
476,165,526,basic polar,ARG,47250.7564699
477,165,553,basic polar,ARG,2170.00026129
478,165,554,basic polar,ARG,874.353170897
479,165,562,basic polar,ARG,275.192496328
480,165,597,basic polar,ARG,372.736970926
481,166,524,nonpolar,VAL,204.48952402
482,166,526,nonpolar,VAL,6668.85421353
483,166,529,nonpolar,VAL,963.388851249
484,166,553,nonpolar,VAL,3739.19136907
485,166,554,nonpolar,VAL,1190.09518382
486,166,562,nonpolar,VAL,638.865475792
487,166,573,nonpolar,VAL,70.401192147
488,166,597,nonpolar,VAL,3578.62496387
489,166,662,nonpolar,VAL,82.7812629292
490,166,682,nonpolar,VAL,1220.27020348
491,166,705,nonpolar,VAL,95.7292993969
492,167,525,nonpolar,ILE,2212.30887687
493,167,526,nonpolar,ILE,197.411155175
494,167,529,nonpolar,ILE,2554.54967273
495,167,542,nonpolar,ILE,126.77793565
496,167,553,nonpolar,ILE,214.778085915
497,167,562,nonpolar,ILE,7606.9096272
498,167,591,nonpolar,ILE,1090.33147123
499,167,592,nonpolar,ILE,123.069689901
500,167,597,nonpolar,ILE,4400.49729692
501,167,623,nonpolar,ILE,72.9267186181
502,167,662,nonpolar,ILE,608.628041364
503,167,670,nonpolar,ILE,819.640917718
504,167,682,nonpolar,ILE,1513.30222878
505,167,695,nonpolar,ILE,332.45385134
506,167,705,nonpolar,ILE,1104.67604826
507,168,526,polar,SER,128.690000344
508,168,562,polar,SER,5030.08215252
509,168,591,polar,SER,186.956117893
510,169,524,polar,THR,78.1286158853
511,169,526,polar,THR,8781.84537723
512,169,554,polar,THR,171.695802951
513,169,562,polar,THR,360.495089242
514,169,573,polar,THR,82.4082531986
515,169,662,polar,THR,808.230147039
516,169,679,polar,THR,84.7025658352
517,170,526,nonpolar,ILE,3675.4448297
518,170,529,nonpolar,ILE,1743.06621855
519,170,541,nonpolar,ILE,316.769345725
520,170,553,nonpolar,ILE,3444.06241964
521,170,554,nonpolar,ILE,1739.38973404
522,170,562,nonpolar,ILE,931.986638176
523,170,567,nonpolar,ILE,147.3303136
524,170,591,nonpolar,ILE,2489.00599956
525,170,597,nonpolar,ILE,1423.61402752
526,170,631,nonpolar,ILE,382.761577849
527,170,662,nonpolar,ILE,2821.36625036
528,170,679,nonpolar,ILE,561.945594912
529,170,682,nonpolar,ILE,1372.52269974
530,170,695,nonpolar,ILE,327.995675854
531,170,705,nonpolar,ILE,2242.68497669
532,171,525,nonpolar,LEU,2336.11267969
533,171,529,nonpolar,LEU,69.6202429768
534,171,531,nonpolar,LEU,709.183992009
535,171,541,nonpolar,LEU,2215.85592333
536,171,552,nonpolar,LEU,1101.73384631
537,171,558,nonpolar,LEU,148.160445477
538,171,562,nonpolar,LEU,6304.61913484
539,171,567,nonpolar,LEU,1833.14293452
540,171,591,nonpolar,LEU,2998.8273641
541,171,597,nonpolar,LEU,805.319403997
542,171,623,nonpolar,LEU,1763.15053864
543,171,662,nonpolar,LEU,385.56514934
544,171,663,nonpolar,LEU,63.595219251
545,171,670,nonpolar,LEU,591.892772937
546,171,679,nonpolar,LEU,578.339104702
547,171,687,nonpolar,LEU,123.445682456
548,171,695,nonpolar,LEU,1571.86044906
549,171,703,nonpolar,LEU,386.911623943
550,171,705,nonpolar,LEU,1526.17141606
551,172,526,nonpolar,PHE,115.138245109
552,172,541,nonpolar,PHE,1309.97684219
553,172,552,nonpolar,PHE,90.3055705119
554,172,562,nonpolar,PHE,3368.06273165
555,172,567,nonpolar,PHE,3176.90280785
556,172,598,nonpolar,PHE,388.053646478
557,172,662,nonpolar,PHE,90.7639336496
558,172,679,nonpolar,PHE,90.1994921488
559,172,695,nonpolar,PHE,228.188716944
560,173,526,nonpolar,ILE,4675.85673228
561,173,541,nonpolar,ILE,195.532038369
562,173,553,nonpolar,ILE,90.9550589176
563,173,562,nonpolar,ILE,164.656993836
564,173,567,nonpolar,ILE,133.184996615
565,173,631,nonpolar,ILE,78.1090143967
566,173,662,nonpolar,ILE,3092.73681701
567,173,679,nonpolar,ILE,2034.77053232
568,173,682,nonpolar,ILE,133.659308808
569,173,695,nonpolar,ILE,2378.75155026
570,173,705,nonpolar,ILE,1172.45749446
571,174,526,nonpolar,LEU,497.659677527
572,174,541,nonpolar,LEU,1940.94507958
573,174,552,nonpolar,LEU,1657.77837042
574,174,553,nonpolar,LEU,1000.25986378
575,174,558,nonpolar,LEU,66.4221639611
576,174,562,nonpolar,LEU,1660.64965014
577,174,567,nonpolar,LEU,634.986182781
578,174,591,nonpolar,LEU,1306.16144209
579,174,623,nonpolar,LEU,533.250749191
580,174,662,nonpolar,LEU,4936.51661417
581,174,670,nonpolar,LEU,1566.16818635
582,174,679,nonpolar,LEU,1525.08699184
583,174,682,nonpolar,LEU,61.7169690498
584,174,687,nonpolar,LEU,133.799030589
585,174,695,nonpolar,LEU,1999.7319054
586,174,703,nonpolar,LEU,556.891083029
587,174,705,nonpolar,LEU,2774.94836005
588,174,712,nonpolar,LEU,1838.01133528
589,175,541,nonpolar,ALA,2022.98440058
590,175,552,nonpolar,ALA,2916.69623391
591,175,558,nonpolar,ALA,68.9036465703
592,175,562,nonpolar,ALA,1433.22353377
593,175,567,nonpolar,ALA,3788.4212443
594,175,591,nonpolar,ALA,601.451498988
595,175,623,nonpolar,ALA,163.748413336
596,175,662,nonpolar,ALA,89.3460435196
597,175,679,nonpolar,ALA,134.277369048
598,175,695,nonpolar,ALA,708.804857431
599,175,703,nonpolar,ALA,865.440160915
600,175,712,nonpolar,ALA,712.568399972
601,176,526,nonpolar,GLY,1140.96023533
602,176,541,nonpolar,GLY,804.399560744
603,176,552,nonpolar,GLY,114.356088107
604,176,562,nonpolar,GLY,165.778827472
605,176,567,nonpolar,GLY,1027.33185367
606,176,695,nonpolar,GLY,1395.81506248
607,176,703,nonpolar,GLY,305.166003026
608,176,712,nonpolar,GLY,837.151207268
609,177,526,nonpolar,CYS,1254.85624682
610,177,541,nonpolar,CYS,90.8989776741
611,177,567,nonpolar,CYS,71.6409065115
612,177,662,nonpolar,CYS,2096.07830368
613,177,679,nonpolar,CYS,1218.15149975
614,177,695,nonpolar,CYS,4863.62243674
615,177,705,nonpolar,CYS,182.037045688
616,177,712,nonpolar,CYS,486.609547166
617,178,526,nonpolar,ILE,74.2680677726
618,178,541,nonpolar,ILE,740.679777706
619,178,552,nonpolar,ILE,2397.35092712
620,178,558,nonpolar,ILE,367.621504782
621,178,562,nonpolar,ILE,1427.31396053
622,178,567,nonpolar,ILE,1676.96274463
623,178,591,nonpolar,ILE,317.016089169
624,178,611,nonpolar,ILE,1654.57077036
625,178,623,nonpolar,ILE,909.501484937
626,178,647,nonpolar,ILE,77.1981570841
627,178,662,nonpolar,ILE,1429.37860955
628,178,670,nonpolar,ILE,329.648280328
629,178,679,nonpolar,ILE,1534.6355124
630,178,691,nonpolar,ILE,163.752086316
631,178,695,nonpolar,ILE,1884.65176934
632,178,703,nonpolar,ILE,1754.54841125
633,178,705,nonpolar,ILE,275.601213407
634,178,712,nonpolar,ILE,6715.9461012
635,179,541,nonpolar,VAL,1479.61730424
636,179,552,nonpolar,VAL,1019.14995498
637,179,558,nonpolar,VAL,2231.84630109
638,179,567,nonpolar,VAL,2781.99558767
639,179,598,nonpolar,VAL,209.561673982
640,179,611,nonpolar,VAL,1208.06502318
641,179,623,nonpolar,VAL,1920.73616053
642,179,635,nonpolar,VAL,563.865092545
643,179,647,nonpolar,VAL,2902.95640167
644,179,691,nonpolar,VAL,1103.27238981
645,179,695,nonpolar,VAL,126.177119763
646,179,703,nonpolar,VAL,1757.46333507
647,179,712,nonpolar,VAL,1456.94986082
648,180,526,nonpolar,PHE,980.223268563
649,180,541,nonpolar,PHE,1251.51370644
650,180,552,nonpolar,PHE,1158.84522206
651,180,558,nonpolar,PHE,1112.36477007
652,180,567,nonpolar,PHE,1331.22672378
653,180,598,nonpolar,PHE,974.978854161
654,180,599,nonpolar,PHE,409.352080777
655,180,635,nonpolar,PHE,451.993214354
656,180,647,nonpolar,PHE,2545.49301828
657,180,691,nonpolar,PHE,103.879766703
658,180,695,nonpolar,PHE,1080.08734506
659,181,526,nonpolar,VAL,611.014641056
660,181,662,nonpolar,VAL,277.05338617
661,181,679,nonpolar,VAL,183.138613764
662,181,695,nonpolar,VAL,6292.25734175
663,181,712,nonpolar,VAL,471.114771076
664,182,662,polar,THR,2101.44295543
665,182,679,polar,THR,426.905575179
666,182,695,polar,THR,11183.4479785
667,182,705,polar,THR,72.6571461176
668,182,712,polar,THR,4977.37872356
669,183,558,nonpolar,ILE,130.500468423
670,183,567,nonpolar,ILE,196.257489634
671,183,611,nonpolar,ILE,1238.86770244
672,183,623,nonpolar,ILE,1348.39983273
673,183,635,nonpolar,ILE,67.3477550548
674,183,647,nonpolar,ILE,2529.71519257
675,183,691,nonpolar,ILE,4053.85448219
676,183,695,nonpolar,ILE,217.654028861
677,183,703,nonpolar,ILE,2182.46016255
678,183,712,nonpolar,ILE,5780.28047694
679,184,635,nonpolar,PRO,42.5165237709
680,184,647,nonpolar,PRO,3201.40558362
681,184,691,nonpolar,PRO,355.316548404
682,184,712,nonpolar,PRO,57.5712718591
683,185,647,nonpolar,ALA,230.364833105
684,185,679,nonpolar,ALA,108.332175999
685,185,695,nonpolar,ALA,1417.50821749
686,185,712,nonpolar,ALA,66.9682681541
687,186,623,nonpolar,VAL,61.4179475373
688,186,691,nonpolar,VAL,1857.40421944
689,186,695,nonpolar,VAL,7653.60494159
690,186,703,nonpolar,VAL,2274.3881991
691,186,712,nonpolar,VAL,6741.97724479
692,187,635,nonpolar,ILE,1133.91911933
693,187,647,nonpolar,ILE,6268.3244375
694,187,691,nonpolar,ILE,9378.86747487
695,187,703,nonpolar,ILE,137.727558679
696,187,712,nonpolar,ILE,2874.41896466
697,188,647,nonpolar,PHE,2997.00728106
698,188,691,nonpolar,PHE,128.862025813
699,188,712,nonpolar,PHE,77.007711332
700,189,662,basic polar,LYS,1327.68379997
701,189,679,basic polar,LYS,1952.35501418
702,189,691,basic polar,LYS,119.753332657
703,189,695,basic polar,LYS,15466.4573557
704,189,703,basic polar,LYS,555.981064026
705,189,705,basic polar,LYS,4308.44747213
706,189,712,basic polar,LYS,1936.38779233
707,190,647,polar,TYR,527.784706077
708,190,691,polar,TYR,10561.495137
709,190,695,polar,TYR,7613.4967012
710,190,703,polar,TYR,5170.56543654
711,190,712,polar,TYR,13800.4196672
712,191,647,nonpolar,ILE,14704.6211013
713,191,691,nonpolar,ILE,7820.808608
714,191,703,nonpolar,ILE,61.4837518538
715,191,712,nonpolar,ILE,307.868388464
716,192,647,acidic polar,GLU,3529.61714535
717,192,691,acidic polar,GLU,2234.81680539
718,193,691,nonpolar,GLY,923.837150525
719,194,679,nonpolar,TRP,852.573961487
720,195,679,polar,THR,12253.1529396
721,195,705,polar,THR,536.148941976
722,196,662,nonpolar,ALA,1557.57964008
723,196,679,nonpolar,ALA,11109.7723473
724,196,695,nonpolar,ALA,3790.41049286
725,196,705,nonpolar,ALA,1526.18629499
726,197,631,nonpolar,LEU,579.762646872
727,197,662,nonpolar,LEU,343.586587615
728,197,679,nonpolar,LEU,17178.7520876
729,197,695,nonpolar,LEU,250.445397805
730,197,705,nonpolar,LEU,171.765072581
731,198,679,acidic polar,GLU,2617.13522939
732,199,679,polar,SER,271.266401133
733,199,695,polar,SER,72.0424180643
734,200,662,nonpolar,ILE,373.367485177
735,200,679,nonpolar,ILE,5509.80116342
736,200,695,nonpolar,ILE,6514.28633323
737,200,705,nonpolar,ILE,64.5097203755
738,200,712,nonpolar,ILE,57.6518340559
739,201,679,polar,TYR,181.497693981
740,201,695,polar,TYR,127.299983429
741,202,647,nonpolar,PHE,95.9016894949
742,203,647,nonpolar,VAL,116.254451273
743,203,695,nonpolar,VAL,680.853117995
744,204,526,nonpolar,VAL,407.765596639
745,204,679,nonpolar,VAL,826.639655031
746,204,695,nonpolar,VAL,3089.64893179
747,207,526,nonpolar,LEU,381.473700626
748,207,695,nonpolar,LEU,884.506072745
749,208,526,polar,THR,547.39954214
750,208,695,polar,THR,531.322965068
751,217,647,nonpolar,ALA,66.5690443681
752,218,647,nonpolar,GLY,409.284286443
753,220,647,polar,ASN,292.980570807
754,223,647,nonpolar,ILE,4469.44409519
755,223,691,nonpolar,ILE,199.279400536
756,224,604,polar,ASN,1038.87655568
757,224,647,polar,ASN,8167.76649915
758,225,604,polar,TYR,1035.94630021
759,225,647,polar,TYR,9522.63616996
760,226,604,basic polar,ARG,35677.251873
761,226,608,basic polar,ARG,1427.31672012
762,226,635,basic polar,ARG,6515.75562668
763,226,647,basic polar,ARG,33884.9071129
764,226,654,basic polar,ARG,2426.62985045
765,226,664,basic polar,ARG,2121.79291342
766,226,671,basic polar,ARG,26232.93916
767,226,691,basic polar,ARG,1854.12095323
768,227,604,acidic polar,GLU,29306.4445738
769,227,655,acidic polar,GLU,8564.08611802
770,227,664,acidic polar,GLU,4619.24384794
771,227,671,acidic polar,GLU,474.952493284
772,228,604,nonpolar,TRP,18779.4616225
773,228,635,nonpolar,TRP,119.205525521
774,228,647,nonpolar,TRP,15662.1103921
775,228,654,nonpolar,TRP,88.7882821517
776,228,655,nonpolar,TRP,2320.42227191
777,228,664,nonpolar,TRP,81.6701167816
778,228,671,nonpolar,TRP,8272.26507538
779,228,691,nonpolar,TRP,1372.76349807
780,229,604,polar,TYR,355.51031362
781,229,647,polar,TYR,8217.22332966
782,229,655,polar,TYR,246.715545462
783,229,671,polar,TYR,92.2301102786
784,230,604,basic polar,LYS,146.97159466
785,230,647,basic polar,LYS,87.0156431313
786,230,655,basic polar,LYS,159.289321023
787,231,604,nonpolar,PRO,2535.19494745
788,231,647,nonpolar,PRO,2386.16051314
789,231,655,nonpolar,PRO,3045.41780712
790,231,671,nonpolar,PRO,596.184876713
791,232,598,nonpolar,LEU,65.147021174
792,232,604,nonpolar,LEU,1613.14298441
793,232,635,nonpolar,LEU,1129.42361414
794,232,647,nonpolar,LEU,10176.0531626
795,232,654,nonpolar,LEU,64.1455208687
796,232,655,nonpolar,LEU,457.675778796
797,232,671,nonpolar,LEU,2011.80390467
798,232,691,nonpolar,LEU,4159.64725356
799,233,604,nonpolar,VAL,135.804763351
800,233,635,nonpolar,VAL,91.4672381225
801,233,647,nonpolar,VAL,2971.68990489
802,233,691,nonpolar,VAL,243.648557923
803,234,604,nonpolar,TRP,1517.11260879
804,234,635,nonpolar,TRP,93.5254449301
805,234,647,nonpolar,TRP,1159.23969763
806,234,655,nonpolar,TRP,1596.66167369
807,234,671,nonpolar,TRP,320.507097821
808,234,691,nonpolar,TRP,94.7500017298
809,235,558,nonpolar,PHE,722.712381417
810,235,581,nonpolar,PHE,356.760213589
811,235,587,nonpolar,PHE,2345.89468483
812,235,598,nonpolar,PHE,1184.23127134
813,235,599,nonpolar,PHE,894.208139996
814,235,604,nonpolar,PHE,3144.72377084
815,235,635,nonpolar,PHE,2315.00824502
816,235,647,nonpolar,PHE,3195.93440533
817,235,654,nonpolar,PHE,592.975671606
818,235,655,nonpolar,PHE,1679.38330096
819,235,671,nonpolar,PHE,1935.50234849
820,235,691,nonpolar,PHE,1475.97145154
821,236,598,nonpolar,TRP,87.6718240759
822,236,635,nonpolar,TRP,940.346972208
823,236,647,nonpolar,TRP,7154.53930107
824,236,671,nonpolar,TRP,168.639501893
825,236,691,nonpolar,TRP,1947.52467094
826,236,695,nonpolar,TRP,70.8069356896
827,237,635,nonpolar,ILE,417.962500989
828,237,647,nonpolar,ILE,188.438694373
829,237,691,nonpolar,ILE,85.7581729715
830,238,558,nonpolar,LEU,1587.73032399
831,238,567,nonpolar,LEU,76.1660711691
832,238,581,nonpolar,LEU,440.026556681
833,238,587,nonpolar,LEU,430.125599405
834,238,598,nonpolar,LEU,2568.94601701
835,238,599,nonpolar,LEU,556.609143071
836,238,604,nonpolar,LEU,1178.29225442
837,238,635,nonpolar,LEU,550.266718338
838,238,647,nonpolar,LEU,550.719500178
839,238,655,nonpolar,LEU,1509.06553099
840,238,671,nonpolar,LEU,1040.93606656
841,238,691,nonpolar,LEU,123.438805529
842,239,541,nonpolar,VAL,63.6887348789
843,239,552,nonpolar,VAL,1231.98752586
844,239,558,nonpolar,VAL,1189.19581435
845,239,567,nonpolar,VAL,1086.40259135
846,239,581,nonpolar,VAL,64.599982014
847,239,598,nonpolar,VAL,4473.33322872
848,239,599,nonpolar,VAL,1788.65421839
849,239,635,nonpolar,VAL,954.017014119
850,239,647,nonpolar,VAL,2570.06117172
851,239,655,nonpolar,VAL,62.8601489895
852,239,671,nonpolar,VAL,2159.95260431
853,239,691,nonpolar,VAL,832.321266131
854,239,695,nonpolar,VAL,151.120398557
855,240,526,nonpolar,GLY,656.162030943
856,240,558,nonpolar,GLY,50.5320692372
857,240,567,nonpolar,GLY,309.459115512
858,240,598,nonpolar,GLY,328.828030851
859,240,635,nonpolar,GLY,292.831106704
860,240,647,nonpolar,GLY,68.0288676962
861,240,691,nonpolar,GLY,47.909816372
862,240,695,nonpolar,GLY,630.980588148
863,241,526,nonpolar,LEU,82.1815696258
864,241,598,nonpolar,LEU,148.874987792
865,241,695,nonpolar,LEU,565.483877595
866,242,558,nonpolar,ALA,393.556113546
867,242,567,nonpolar,ALA,992.361909213
868,242,581,nonpolar,ALA,108.181316497
869,242,598,nonpolar,ALA,2520.64666982
870,242,599,nonpolar,ALA,74.0675321985
871,242,695,nonpolar,ALA,75.3167789586
872,243,526,polar,TYR,1486.68718246
873,243,541,polar,TYR,1472.64036666
874,243,552,polar,TYR,81.4219710471
875,243,558,polar,TYR,81.2458540242
876,243,562,polar,TYR,366.34374033
877,243,567,polar,TYR,2620.38093432
878,243,598,polar,TYR,2422.1806342
879,243,647,polar,TYR,631.438308433
880,243,695,polar,TYR,2079.88386143
881,244,526,nonpolar,PHE,2446.67783379
882,244,598,nonpolar,PHE,100.465903774
883,244,679,nonpolar,PHE,275.866310059
884,244,695,nonpolar,PHE,2287.87083499
885,245,526,nonpolar,ALA,575.715246571
886,245,695,nonpolar,ALA,122.358075597
887,246,526,nonpolar,ALA,66.6260041944
888,246,567,nonpolar,ALA,165.799698001
889,246,598,nonpolar,ALA,194.013680094
890,247,526,nonpolar,VAL,2266.09827416
891,247,679,nonpolar,VAL,359.056941052
892,247,695,nonpolar,VAL,1279.49726273
893,248,524,nonpolar,LEU,64.2212587461
894,248,526,nonpolar,LEU,1796.10155391
895,248,679,nonpolar,LEU,821.007402334
896,248,695,nonpolar,LEU,390.593627481
897,249,526,polar,SER,148.286467003
898,250,526,nonpolar,MET,378.489098322
899,250,562,nonpolar,MET,89.8931304811
900,251,524,nonpolar,ILE,1248.29015983
901,251,526,nonpolar,ILE,7733.7029016
902,251,662,nonpolar,ILE,123.298218223
903,251,679,nonpolar,ILE,632.892827535
904,251,695,nonpolar,ILE,182.257754178
905,252,524,nonpolar,GLY,65.9963266607
906,252,526,nonpolar,GLY,319.907016378
907,253,526,acidic polar,ASP,264.878516651
908,254,524,nonpolar,TRP,1115.74194161
909,254,526,nonpolar,TRP,20112.1756169
910,255,524,nonpolar,LEU,4193.13668482
911,255,526,nonpolar,LEU,5258.89578555
912,255,553,nonpolar,LEU,417.607416873
913,255,554,nonpolar,LEU,68.5392204992
914,255,573,nonpolar,LEU,3204.43680748
915,256,524,basic polar,ARG,15562.1983459
916,256,526,basic polar,ARG,182.275735487
917,257,524,nonpolar,VAL,4547.53900209
918,257,526,nonpolar,VAL,5942.3152616
919,257,554,nonpolar,VAL,286.8339691
920,258,524,nonpolar,LEU,7062.11546349
921,258,526,nonpolar,LEU,10715.738079
922,258,553,nonpolar,LEU,5749.39774403
923,258,554,nonpolar,LEU,4801.7643447
924,258,573,nonpolar,LEU,7072.80438837
925,259,524,polar,SER,9031.81644121
926,259,526,polar,SER,262.491354713
927,259,553,polar,SER,672.481678442
928,259,554,polar,SER,2030.06362749
929,259,573,polar,SER,6777.29428978
930,260,524,basic polar,LYS,8593.5958924
931,260,526,basic polar,LYS,193.43195926
932,260,554,basic polar,LYS,1456.86089206
933,260,561,basic polar,LYS,8551.58918292
934,260,573,basic polar,LYS,26972.5076118
935,261,524,basic polar,LYS,9549.26302282
936,261,526,basic polar,LYS,4008.85081256
937,261,553,basic polar,LYS,13198.1382238
938,261,554,basic polar,LYS,32142.6335307
939,261,559,basic polar,LYS,18650.9510593
940,261,573,basic polar,LYS,7282.6724586
941,262,532,basic polar,LYS,12925.0513584
942,262,550,basic polar,LYS,7918.98638463
943,262,581,basic polar,LYS,21199.9063605
944,262,587,basic polar,LYS,109.227937211
945,262,598,basic polar,LYS,118.140882856
946,262,599,basic polar,LYS,6624.87336643
947,263,532,nonpolar,TRP,4947.78276408
948,263,550,nonpolar,TRP,86.9763602227
949,263,577,nonpolar,TRP,195.766582648
950,263,581,nonpolar,TRP,16985.3515216
951,263,587,nonpolar,TRP,6912.86702545
952,263,598,nonpolar,TRP,2375.68930433
953,263,599,nonpolar,TRP,2050.12649841
954,263,604,nonpolar,TRP,1168.18993175
955,263,654,nonpolar,TRP,1439.70490907
956,264,530,basic polar,LYS,5766.78064295
957,264,532,basic polar,LYS,14200.4864203
958,264,550,basic polar,LYS,9475.42523141
959,264,565,basic polar,LYS,2281.14929639
960,264,577,basic polar,LYS,8721.9830057
961,264,581,basic polar,LYS,8820.43530538
962,264,587,basic polar,LYS,183.082052498
963,264,598,basic polar,LYS,97.974214055
964,265,530,polar,THR,2944.44366272
965,265,532,polar,THR,943.419092569
966,265,536,polar,THR,120.294497321
967,265,550,polar,THR,7208.36674038
968,265,577,polar,THR,1476.9650977
969,265,581,polar,THR,433.762365355
970,266,532,nonpolar,VAL,86.3353071215
971,266,550,nonpolar,VAL,124.388081723
972,266,577,nonpolar,VAL,251.075364542
973,266,581,nonpolar,VAL,1715.31876564
974,266,587,nonpolar,VAL,2157.73879282
975,266,598,nonpolar,VAL,769.47700282
976,266,599,nonpolar,VAL,978.879575466
977,267,532,nonpolar,VAL,4341.73917229
978,267,550,nonpolar,VAL,203.366919735
979,267,565,nonpolar,VAL,409.087725323
980,267,569,nonpolar,VAL,70.0917256576
981,267,577,nonpolar,VAL,1942.98422252
982,267,581,nonpolar,VAL,6596.68898613
983,267,587,nonpolar,VAL,1670.54688074
984,267,598,nonpolar,VAL,1828.32848044
985,267,599,nonpolar,VAL,1801.43659738
986,267,604,nonpolar,VAL,427.206026712
987,267,655,nonpolar,VAL,788.724393631
988,268,530,nonpolar,ALA,2573.84222216
989,268,532,nonpolar,ALA,1361.4917266
990,268,550,nonpolar,ALA,2755.58499619
991,268,560,nonpolar,ALA,164.501084519
992,268,565,nonpolar,ALA,118.188438511
993,268,569,nonpolar,ALA,62.0554843665
994,268,577,nonpolar,ALA,4271.20019476
995,268,581,nonpolar,ALA,1649.29283142
996,268,583,nonpolar,ALA,117.798996264
997,268,599,nonpolar,ALA,148.99067056
998,268,655,nonpolar,ALA,66.1464019579
999,269,530,nonpolar,ILE,533.502075254
1000,269,532,nonpolar,ILE,156.27320382
1001,269,536,nonpolar,ILE,1834.68456523
1002,269,550,nonpolar,ILE,3029.79804296
1003,269,560,nonpolar,ILE,410.632780378
1004,269,577,nonpolar,ILE,1830.02091692
1005,269,581,nonpolar,ILE,268.78054833
1006,269,583,nonpolar,ILE,499.849497311
1007,270,532,nonpolar,PHE,560.377366966
1008,270,550,nonpolar,PHE,73.3435493061
1009,270,577,nonpolar,PHE,121.930439813
1010,270,581,nonpolar,PHE,1856.54748509
1011,270,587,nonpolar,PHE,924.027687294
1012,270,598,nonpolar,PHE,657.217086222
1013,270,599,nonpolar,PHE,1449.22613165
1014,270,604,nonpolar,PHE,2433.79880848
1015,270,647,nonpolar,PHE,551.498031155
1016,270,654,nonpolar,PHE,49.2100361134
1017,270,655,nonpolar,PHE,2334.50482953
1018,270,671,nonpolar,PHE,983.080428074
1019,271,532,nonpolar,VAL,2511.43160655
1020,271,535,nonpolar,VAL,58.2596447301
1021,271,550,nonpolar,VAL,1481.87004267
1022,271,560,nonpolar,VAL,1603.71888782
1023,271,565,nonpolar,VAL,674.673907526
1024,271,569,nonpolar,VAL,1625.8452599
1025,271,577,nonpolar,VAL,2911.71687207
1026,271,581,nonpolar,VAL,3438.25160429
1027,271,599,nonpolar,VAL,687.735735055
1028,271,601,nonpolar,VAL,795.708175569
1029,271,604,nonpolar,VAL,1258.29502613
1030,271,643,nonpolar,VAL,356.108119171
1031,271,655,nonpolar,VAL,3294.89987879
1032,271,664,nonpolar,VAL,235.217628192
1033,271,671,nonpolar,VAL,72.4519684363
1034,271,678,nonpolar,VAL,209.258387013
1035,272,530,nonpolar,VAL,1940.74514102
1036,272,532,nonpolar,VAL,574.412081331
1037,272,536,nonpolar,VAL,454.569569243
1038,272,550,nonpolar,VAL,3566.21479294
1039,272,560,nonpolar,VAL,1269.75400325
1040,272,565,nonpolar,VAL,61.849220452
1041,272,577,nonpolar,VAL,2288.81061081
1042,272,581,nonpolar,VAL,3817.97313852
1043,272,583,nonpolar,VAL,3025.38096846
1044,272,601,nonpolar,VAL,1269.94485642
1045,272,615,nonpolar,VAL,277.835235429
1046,272,641,nonpolar,VAL,813.747825642
1047,272,655,nonpolar,VAL,387.583052365
1048,272,678,nonpolar,VAL,1858.59833444
1049,272,693,nonpolar,VAL,65.4700053955
1050,273,550,nonpolar,VAL,105.907865338
1051,273,560,nonpolar,VAL,146.572017867
1052,273,581,nonpolar,VAL,74.2066878394
1053,273,601,nonpolar,VAL,125.688671727
1054,273,604,nonpolar,VAL,1768.9709802
1055,273,641,nonpolar,VAL,90.5947030986
1056,273,655,nonpolar,VAL,827.503377171
1057,273,678,nonpolar,VAL,414.093665075
1058,274,532,nonpolar,VAL,66.9598203144
1059,274,581,nonpolar,VAL,1538.60057884
1060,274,587,nonpolar,VAL,54.5295316219
1061,274,599,nonpolar,VAL,131.134943523
1062,274,601,nonpolar,VAL,151.191709948
1063,274,604,nonpolar,VAL,3423.0270026
1064,274,647,nonpolar,VAL,303.567133835
1065,274,654,nonpolar,VAL,135.596718496
1066,274,655,nonpolar,VAL,4945.63583491
1067,274,664,nonpolar,VAL,56.9030681806
1068,274,671,nonpolar,VAL,1047.18835096
1069,274,678,nonpolar,VAL,122.863006524
1070,275,530,nonpolar,VAL,69.5547512658
1071,275,532,nonpolar,VAL,647.231118641
1072,275,550,nonpolar,VAL,790.241766891
1073,275,560,nonpolar,VAL,990.222945639
1074,275,577,nonpolar,VAL,218.524888506
1075,275,581,nonpolar,VAL,978.039674019
1076,275,601,nonpolar,VAL,5654.22076795
1077,275,604,nonpolar,VAL,1289.82559304
1078,275,613,nonpolar,VAL,799.297977193
1079,275,615,nonpolar,VAL,582.452019616
1080,275,641,nonpolar,VAL,77.9312710482
1081,275,643,nonpolar,VAL,1252.02245842
1082,275,654,nonpolar,VAL,645.334338122
1083,275,655,nonpolar,VAL,4107.75457593
1084,275,678,nonpolar,VAL,3282.26220504
1085,275,693,nonpolar,VAL,662.102713537
1086,276,530,polar,TYR,159.766962024
1087,276,550,polar,TYR,645.809983871
1088,276,560,polar,TYR,133.60910709
1089,276,581,polar,TYR,74.1333264425
1090,276,601,polar,TYR,1098.26977845
1091,276,641,polar,TYR,1063.46545861
1092,276,655,polar,TYR,364.843915519
1093,276,678,polar,TYR,6768.2152184
1094,277,604,nonpolar,LEU,1238.09954914
1095,277,655,nonpolar,LEU,1660.1795137
1096,277,671,nonpolar,LEU,474.970470006
1097,277,678,nonpolar,LEU,219.856821925
1098,278,601,nonpolar,VAL,1906.9707573
1099,278,604,nonpolar,VAL,1498.92818539
1100,278,643,nonpolar,VAL,92.4684818675
1101,278,654,nonpolar,VAL,1048.32924845
1102,278,655,nonpolar,VAL,5694.58036254
1103,278,671,nonpolar,VAL,887.074251735
1104,278,678,nonpolar,VAL,82.1341758322
1105,278,693,nonpolar,VAL,247.209396104
1106,279,601,polar,THR,5226.6250113
1107,279,615,polar,THR,77.7597569307
1108,279,641,polar,THR,62.7268025162
1109,279,655,polar,THR,613.482643658
1110,279,678,polar,THR,5940.04818538
1111,279,693,polar,THR,1655.38864788
1112,280,601,nonpolar,GLY,115.07379059
1113,280,678,nonpolar,GLY,349.018734327
1114,281,604,nonpolar,GLY,173.453722069
1115,281,655,nonpolar,GLY,70.7415774649
1116,281,693,nonpolar,GLY,62.2711777003
1117,282,601,nonpolar,LEU,13586.1072751
1118,282,604,nonpolar,LEU,83.0969439922
1119,282,613,nonpolar,LEU,64.1245273191
1120,282,643,nonpolar,LEU,122.772546729
1121,282,655,nonpolar,LEU,3357.16318511
1122,282,678,nonpolar,LEU,84.6152187896
1123,282,693,nonpolar,LEU,2376.60385197
1124,283,601,nonpolar,VAL,3621.13276819
1125,283,615,nonpolar,VAL,215.60470127
1126,283,678,nonpolar,VAL,5662.12437809
1127,283,693,nonpolar,VAL,3627.5343359
1128,284,601,nonpolar,PHE,162.379955367
1129,284,693,nonpolar,PHE,580.068583838
1130,285,601,basic polar,ARG,29762.3150221
1131,285,643,basic polar,ARG,758.978438167
1132,285,655,basic polar,ARG,35195.1023591
1133,285,693,basic polar,ARG,1063.08297575
1134,286,601,nonpolar,ALA,7520.25618716
1135,286,613,nonpolar,ALA,487.247996613
1136,286,615,nonpolar,ALA,3119.19047563
1137,286,655,nonpolar,ALA,579.515392207
1138,286,678,nonpolar,ALA,176.4885561
1139,286,693,nonpolar,ALA,5994.85632114
1140,287,601,nonpolar,LEU,2073.37964953
1141,287,615,nonpolar,LEU,662.900718085
1142,287,641,nonpolar,LEU,126.772726508
1143,287,678,nonpolar,LEU,10065.4893728
1144,287,693,nonpolar,LEU,7055.20875499
1145,288,678,acidic polar,GLU,2364.71887605
1146,289,601,polar,GLN,12721.2101453
1147,289,615,polar,GLN,932.997127433
1148,289,655,polar,GLN,5776.39224506
1149,290,601,nonpolar,PRO,1351.61547481
1150,290,615,nonpolar,PRO,2967.3010275
1151,290,678,nonpolar,PRO,219.293703221
1152,290,693,nonpolar,PRO,1272.03540147
1153,291,601,nonpolar,PHE,497.85847686
1154,291,678,nonpolar,PHE,2073.33179984
1155,291,693,nonpolar,PHE,201.434994562
1156,293,601,polar,SER,593.883091604
1157,344,686,polar,SER,463.262659651
1158,346,686,nonpolar,TRP,260.858338724
1159,347,686,acidic polar,ASP,3669.23827871
1160,347,711,acidic polar,ASP,2300.49286163
1161,348,612,nonpolar,LEU,615.7641997
1162,348,653,nonpolar,LEU,735.241229322
1163,348,685,nonpolar,LEU,59.503755014
1164,348,686,nonpolar,LEU,8954.72623765
1165,348,711,nonpolar,LEU,7968.05627461
1166,349,686,nonpolar,GLY,374.649563626
1167,349,711,nonpolar,GLY,2552.78564434
1168,350,711,polar,SER,216.493773535
1169,351,711,nonpolar,ALA,73.0148918438
1170,352,681,nonpolar,PHE,103.420375829
1171,352,686,nonpolar,PHE,2462.70505702
1172,352,711,nonpolar,PHE,6842.47689021
1173,353,711,nonpolar,PHE,1657.31626432
1174,354,711,nonpolar,PHE,133.049680759
1175,355,711,nonpolar,ALA,268.381116985
1176,356,711,nonpolar,GLY,462.97892087
1177,357,711,polar,THR,274.120016697
1178,370,631,polar,SER,853.10780714
1179,371,612,polar,THR,75.3237383513
1180,371,631,polar,THR,12789.8870475
1181,371,653,polar,THR,86.6482251314
1182,372,631,acidic polar,GLU,23676.3662152
1183,372,679,acidic polar,GLU,4790.94095361
1184,372,682,acidic polar,GLU,911.02504592
1185,372,706,acidic polar,GLU,4036.86535228
1186,373,612,nonpolar,GLY,51.3166650197
1187,373,631,nonpolar,GLY,14455.298202
1188,373,653,nonpolar,GLY,58.1461358954
1189,373,679,nonpolar,GLY,89.348539418
1190,373,706,nonpolar,GLY,52.6546083552
1191,374,631,nonpolar,GLY,3214.91976579
1192,375,631,basic polar,LYS,1257.51663265
1193,375,679,basic polar,LYS,239.997212748
1194,376,631,nonpolar,ILE,7736.66281436
1195,376,679,nonpolar,ILE,10397.6582319
1196,376,682,nonpolar,ILE,253.054378153
1197,376,695,nonpolar,ILE,113.152566378
1198,376,705,nonpolar,ILE,115.982789101
1199,377,612,nonpolar,PHE,616.164972726
1200,377,631,nonpolar,PHE,8055.58517927
1201,377,644,nonpolar,PHE,3336.34268956
1202,377,653,nonpolar,PHE,2459.32802187
1203,377,679,nonpolar,PHE,325.316663816
1204,377,706,nonpolar,PHE,52.4820358742
1205,378,631,nonpolar,CYS,80.202749284
1206,378,644,nonpolar,CYS,68.0847667866
1207,378,679,nonpolar,CYS,94.7248182788
1208,379,526,nonpolar,ILE,447.258391462
1209,379,631,nonpolar,ILE,122.207809203
1210,379,679,nonpolar,ILE,3455.86635605
1211,379,695,nonpolar,ILE,1400.62395024
1212,380,526,nonpolar,LEU,1822.91863681
1213,380,554,nonpolar,LEU,65.7366908244
1214,380,612,nonpolar,LEU,143.936338209
1215,380,631,nonpolar,LEU,6452.33649195
1216,380,644,nonpolar,LEU,2523.93607749
1217,380,653,nonpolar,LEU,3410.77905948
1218,380,662,nonpolar,LEU,129.057764916
1219,380,679,nonpolar,LEU,7230.78183123
1220,380,682,nonpolar,LEU,511.519658991
1221,380,695,nonpolar,LEU,559.15039539
1222,380,705,nonpolar,LEU,194.105533324
1223,380,706,nonpolar,LEU,235.89652221
1224,381,524,polar,TYR,99.6624957857
1225,381,612,polar,TYR,1025.43160932
1226,381,631,polar,TYR,3806.86541399
1227,381,644,polar,TYR,3415.40687038
1228,381,653,polar,TYR,93.7873050193
1229,381,679,polar,TYR,134.434630827
1230,382,526,nonpolar,ALA,330.010789949
1231,382,631,nonpolar,ALA,88.3757956481
1232,382,644,nonpolar,ALA,65.0210653329
1233,382,679,nonpolar,ALA,111.697448158
1234,383,524,nonpolar,ILE,197.561962144
1235,383,526,nonpolar,ILE,3942.30864683
1236,383,631,nonpolar,ILE,183.022001518
1237,383,679,nonpolar,ILE,3071.03926573
1238,383,695,nonpolar,ILE,3438.81000401
1239,384,524,nonpolar,PHE,2701.6880813
1240,384,526,nonpolar,PHE,4693.66472443
1241,384,553,nonpolar,PHE,2199.56475925
1242,384,554,nonpolar,PHE,590.466364856
1243,384,573,nonpolar,PHE,108.515331951
1244,384,597,nonpolar,PHE,138.022255835
1245,384,631,nonpolar,PHE,2967.16581118
1246,384,644,nonpolar,PHE,876.088910785
1247,384,653,nonpolar,PHE,2505.31405879
1248,384,662,nonpolar,PHE,72.0920295948
1249,384,679,nonpolar,PHE,4161.42511285
1250,384,682,nonpolar,PHE,814.407446045
1251,384,705,nonpolar,PHE,211.28714465
1252,384,706,nonpolar,PHE,66.8960839663
1253,385,524,nonpolar,GLY,409.72655831
1254,385,526,nonpolar,GLY,226.865175924
1255,385,631,nonpolar,GLY,139.736675221
1256,386,524,nonpolar,ILE,184.962505228
1257,386,526,nonpolar,ILE,1055.27375032
1258,387,524,nonpolar,PRO,1647.19912958
1259,387,526,nonpolar,PRO,2668.33149863
1260,387,679,nonpolar,PRO,161.864027756
1261,388,524,nonpolar,LEU,6558.88207697
1262,388,526,nonpolar,LEU,2342.73576563
1263,388,553,nonpolar,LEU,287.980439745
1264,388,554,nonpolar,LEU,141.352616623
1265,388,559,nonpolar,LEU,61.3371415076
1266,388,561,nonpolar,LEU,456.378041359
1267,388,573,nonpolar,LEU,65.317350134
1268,388,612,nonpolar,LEU,74.3142319104
1269,388,631,nonpolar,LEU,75.0040615185
1270,389,524,nonpolar,PHE,190.271308284
1271,389,526,nonpolar,PHE,142.706913398
1272,389,681,nonpolar,PHE,260.257314195
1273,391,524,nonpolar,PHE,4410.04953526
1274,391,526,nonpolar,PHE,633.728295899
1275,391,553,nonpolar,PHE,51.4986639375
1276,392,524,nonpolar,LEU,85.4607140813
1277,392,527,nonpolar,LEU,1439.10444605
1278,392,563,nonpolar,LEU,1974.7658813
1279,392,580,nonpolar,LEU,282.684747451
1280,392,590,nonpolar,LEU,380.660338496
1281,392,596,nonpolar,LEU,1097.46299866
1282,393,563,nonpolar,LEU,72.2184839606
1283,393,580,nonpolar,LEU,119.352269479
1284,395,527,nonpolar,GLY,54.9453089249
1285,395,580,nonpolar,GLY,345.297348203
1286,395,596,nonpolar,GLY,107.234576695
1287,396,527,nonpolar,ILE,3858.89946594
1288,396,563,nonpolar,ILE,3262.84615111
1289,396,580,nonpolar,ILE,4525.84829289
1290,396,590,nonpolar,ILE,273.648918527
1291,396,593,nonpolar,ILE,146.662428204
1292,396,596,nonpolar,ILE,3413.22870023
1293,397,527,nonpolar,GLY,81.3463675817
1294,397,580,nonpolar,GLY,138.993261062
1295,398,580,acidic polar,ASP,110.713735612
1296,399,527,polar,GLN,6747.1027763
1297,399,563,polar,GLN,678.42780432
1298,399,571,polar,GLN,226.178499927
1299,399,580,polar,GLN,6741.47502317
1300,399,590,polar,GLN,126.941442202
1301,399,593,polar,GLN,90.325017303
1302,399,596,polar,GLN,8665.67197401
1303,400,527,nonpolar,LEU,5414.75566428
1304,400,563,nonpolar,LEU,1527.54260077
1305,400,566,nonpolar,LEU,54.3240176363
1306,400,580,nonpolar,LEU,6547.2504653
1307,400,593,nonpolar,LEU,2326.79079634
1308,400,596,nonpolar,LEU,902.694373848
1309,401,527,nonpolar,GLY,110.946540261
1310,401,580,nonpolar,GLY,49.017143151
1311,401,593,nonpolar,GLY,124.205569356
1312,402,527,polar,THR,3140.19451669
1313,402,580,polar,THR,306.549591045
1314,402,596,polar,THR,7928.00449048
1315,403,527,nonpolar,ILE,6877.19115314
1316,403,580,nonpolar,ILE,8028.81811974
1317,403,593,nonpolar,ILE,3066.59666663
1318,403,596,nonpolar,ILE,4604.59911671
1319,404,527,nonpolar,PHE,263.843858965
1320,404,536,nonpolar,PHE,497.196705617
1321,404,574,nonpolar,PHE,537.978288776
1322,404,580,nonpolar,PHE,1166.12946874
1323,404,593,nonpolar,PHE,3294.96509625
1324,405,536,nonpolar,GLY,683.91332186
1325,405,593,nonpolar,GLY,58.6087877835
1326,406,527,basic polar,LYS,6937.45007357
1327,406,580,basic polar,LYS,16960.6689612
1328,406,593,basic polar,LYS,119.220925821
1329,406,596,basic polar,LYS,14922.0031069
1330,407,527,polar,SER,798.463152882
1331,407,574,polar,SER,333.267024497
1332,407,580,polar,SER,2235.56049704
1333,407,593,polar,SER,6009.41994748
1334,408,533,nonpolar,ILE,89.3769684364
1335,408,536,nonpolar,ILE,830.714376752
1336,408,574,nonpolar,ILE,344.149649036
1337,408,593,nonpolar,ILE,667.17616927
1338,409,536,nonpolar,ALA,918.02368031
1339,410,527,basic polar,ARG,16736.8335053
1340,410,533,basic polar,ARG,336.640329714
1341,410,543,basic polar,ARG,2680.14603741
1342,410,566,basic polar,ARG,1430.90397425
1343,410,574,basic polar,ARG,332.871945781
1344,410,580,basic polar,ARG,21229.3277336
1345,410,593,basic polar,ARG,55002.4632773
1346,410,596,basic polar,ARG,1273.66975983
1347,411,533,nonpolar,VAL,1768.94085823
1348,411,543,nonpolar,VAL,64.294473138
1349,411,574,nonpolar,VAL,3541.49651518
1350,411,584,nonpolar,VAL,544.529357745
1351,411,593,nonpolar,VAL,6611.57701198
1352,412,536,acidic polar,GLU,1726.95939255
1353,412,574,acidic polar,GLU,407.768421931
1354,412,584,acidic polar,GLU,564.463063707
1355,412,593,acidic polar,GLU,93.7695532142
1356,413,593,basic polar,LYS,5970.65233778
1357,414,533,nonpolar,VAL,3154.81345112
1358,414,543,nonpolar,VAL,864.055201745
1359,414,574,nonpolar,VAL,2212.785783
1360,414,584,nonpolar,VAL,710.614642348
1361,414,593,nonpolar,VAL,8247.53547375
1362,415,533,nonpolar,PHE,2092.84561728
1363,415,543,nonpolar,PHE,628.613432143
1364,415,556,nonpolar,PHE,4064.90323079
1365,415,574,nonpolar,PHE,8289.3185676
1366,415,584,nonpolar,PHE,1935.83517006
1367,415,593,nonpolar,PHE,1908.1427524
1368,415,642,nonpolar,PHE,97.9264576592
1369,416,574,basic polar,ARG,205.400986634
1370,416,582,basic polar,ARG,1426.35033795
1371,417,533,basic polar,LYS,1728.35925733
1372,417,574,basic polar,LYS,3169.19176993
1373,417,593,basic polar,LYS,7832.12884132
1374,418,533,basic polar,LYS,11155.6377936
1375,418,543,basic polar,LYS,6017.06955683
1376,418,556,basic polar,LYS,5496.78887707
1377,418,574,basic polar,LYS,22388.4198835
1378,418,582,basic polar,LYS,765.968226283
1379,418,584,basic polar,LYS,909.383538217
1380,418,585,basic polar,LYS,459.672581981
1381,418,593,basic polar,LYS,620.170636377
1382,419,574,polar,GLN,11383.5861714
1383,419,579,polar,GLN,560.446250032
1384,419,582,polar,GLN,5004.48074307
1385,420,533,nonpolar,VAL,115.695518068
1386,420,556,nonpolar,VAL,4263.66076569
1387,420,570,nonpolar,VAL,127.500146065
1388,420,574,nonpolar,VAL,6946.46163389
1389,420,579,nonpolar,VAL,720.84796828
1390,420,582,nonpolar,VAL,6508.05107467
1391,420,584,nonpolar,VAL,192.762454193
1392,421,530,polar,SER,149.069656056
1393,421,556,polar,SER,273.479532236
1394,421,560,polar,SER,426.805209205
1395,421,570,polar,SER,2750.00446711
1396,421,574,polar,SER,1528.98358742
1397,421,582,polar,SER,10848.9366289
1398,422,536,polar,GLN,2993.72281992
1399,422,560,polar,GLN,2226.14041026
1400,422,570,polar,GLN,385.447678912
1401,422,582,polar,GLN,356.792335187
1402,423,536,polar,THR,4115.94931407
1403,423,550,polar,THR,221.344907737
1404,423,560,polar,THR,16072.0417114
1405,423,569,polar,THR,85.6933908976
1406,423,570,polar,THR,9833.65264753
1407,424,522,basic polar,LYS,142.979885848
1408,424,523,basic polar,LYS,88.0658314334
1409,424,530,basic polar,LYS,4579.10362519
1410,424,533,basic polar,LYS,95.9484600434
1411,424,536,basic polar,LYS,97.5906251581
1412,424,556,basic polar,LYS,5301.60447474
1413,424,560,basic polar,LYS,551.137586539
1414,424,569,basic polar,LYS,176.529394456
1415,424,570,basic polar,LYS,17629.2804972
1416,424,574,basic polar,LYS,5945.68603418
1417,424,582,basic polar,LYS,18994.3110429
1418,424,584,basic polar,LYS,11720.4545989
1419,425,536,nonpolar,ILE,119.197335144
1420,425,556,nonpolar,ILE,4436.92809597
1421,425,570,nonpolar,ILE,494.201664729
1422,425,574,nonpolar,ILE,3936.73275644
1423,425,582,nonpolar,ILE,179.968036922
1424,425,584,nonpolar,ILE,2313.32566234
1425,426,536,basic polar,ARG,41222.9899606
1426,426,550,basic polar,ARG,112.86707442
1427,426,560,basic polar,ARG,5371.04836035
1428,426,570,basic polar,ARG,131.125641136
1429,426,574,basic polar,ARG,384.29187751
1430,426,584,basic polar,ARG,131.691403346
1431,427,530,nonpolar,VAL,1117.55150347
1432,427,533,nonpolar,VAL,514.304438297
1433,427,536,nonpolar,VAL,8398.88406866
1434,427,550,nonpolar,VAL,2209.62359465
1435,427,560,nonpolar,VAL,5263.00027303
1436,427,569,nonpolar,VAL,1834.40448698
1437,427,570,nonpolar,VAL,4165.81282472
1438,427,574,nonpolar,VAL,79.0724468391
1439,427,605,nonpolar,VAL,394.372741858
1440,427,620,nonpolar,VAL,497.002365425
1441,427,692,nonpolar,VAL,453.074051271
1442,427,702,nonpolar,VAL,64.9380019506
1443,428,523,nonpolar,ILE,1023.15942808
1444,428,530,nonpolar,ILE,1992.03597376
1445,428,533,nonpolar,ILE,3181.68609498
1446,428,536,nonpolar,ILE,631.602776547
1447,428,550,nonpolar,ILE,101.994461206
1448,428,556,nonpolar,ILE,5222.81507475
1449,428,560,nonpolar,ILE,1887.68441854
1450,428,569,nonpolar,ILE,1043.91064836
1451,428,570,nonpolar,ILE,5141.3669123
1452,428,574,nonpolar,ILE,4461.44106837
1453,428,582,nonpolar,ILE,1144.38344787
1454,428,584,nonpolar,ILE,1592.19308854
1455,428,605,nonpolar,ILE,761.929898391
1456,428,620,nonpolar,ILE,713.084742251
1457,428,637,nonpolar,ILE,65.6140108383
1458,428,641,nonpolar,ILE,70.8378189857
1459,428,650,nonpolar,ILE,1056.85575893
1460,428,677,nonpolar,ILE,604.034557911
1461,428,692,nonpolar,ILE,767.712676738
1462,428,702,nonpolar,ILE,1897.91200761
1463,429,523,polar,SER,75.5443436648
1464,429,533,polar,SER,1251.99758411
1465,429,536,polar,SER,89.9205993243
1466,429,556,polar,SER,168.803971959
1467,429,560,polar,SER,76.6273969926
1468,429,570,polar,SER,122.708776119
1469,429,574,polar,SER,4268.92057837
1470,429,584,polar,SER,2524.9808581
1471,429,593,polar,SER,93.9991963235
1472,429,650,polar,SER,164.737108067
1473,429,692,polar,SER,90.9436289879
1474,430,533,polar,THR,620.400040385
1475,430,536,polar,THR,9999.34779983
1476,430,550,polar,THR,237.807871783
1477,430,570,polar,THR,105.209740334
1478,430,574,polar,THR,349.671576141
1479,431,530,nonpolar,ILE,1863.88448326
1480,431,533,nonpolar,ILE,1472.2055732
1481,431,536,nonpolar,ILE,7848.68170608
1482,431,543,nonpolar,ILE,87.2666394087
1483,431,550,nonpolar,ILE,2657.55614333
1484,431,560,nonpolar,ILE,1605.55307748
1485,431,570,nonpolar,ILE,3061.16732684
1486,431,574,nonpolar,ILE,90.9467564472
1487,431,605,nonpolar,ILE,1129.80556758
1488,431,615,nonpolar,ILE,457.173952655
1489,431,620,nonpolar,ILE,1657.67299891
1490,431,641,nonpolar,ILE,613.24486552
1491,431,650,nonpolar,ILE,992.130806023
1492,431,677,nonpolar,ILE,476.266126562
1493,431,692,nonpolar,ILE,1677.27646957
1494,432,523,nonpolar,LEU,1215.44172667
1495,432,527,nonpolar,LEU,69.5036143682
1496,432,530,nonpolar,LEU,155.582440826
1497,432,533,nonpolar,LEU,3292.98847
1498,432,536,nonpolar,LEU,119.207774906
1499,432,543,nonpolar,LEU,2790.96499996
1500,432,556,nonpolar,LEU,201.777923753
1501,432,560,nonpolar,LEU,3330.30795954
1502,432,570,nonpolar,LEU,736.310003673
1503,432,574,nonpolar,LEU,4436.40413095
1504,432,582,nonpolar,LEU,577.243036685
1505,432,584,nonpolar,LEU,2477.00369536
1506,432,593,nonpolar,LEU,483.947825962
1507,432,605,nonpolar,LEU,1696.51630989
1508,432,616,nonpolar,LEU,2780.62443408
1509,432,620,nonpolar,LEU,1074.86391507
1510,432,641,nonpolar,LEU,756.809397546
1511,432,642,nonpolar,LEU,715.554542227
1512,432,650,nonpolar,LEU,3036.29613241
1513,432,677,nonpolar,LEU,1646.78478197
1514,432,692,nonpolar,LEU,2327.8539378
1515,432,702,nonpolar,LEU,1622.07451351
1516,433,533,nonpolar,PHE,2271.03767908
1517,433,536,nonpolar,PHE,725.592327704
1518,433,543,nonpolar,PHE,157.728524746
1519,433,574,nonpolar,PHE,4412.68751568
1520,433,580,nonpolar,PHE,46.2175910703
1521,433,584,nonpolar,PHE,896.185634386
1522,433,593,nonpolar,PHE,5078.02621208
1523,433,620,nonpolar,PHE,506.379183353
1524,433,677,nonpolar,PHE,409.729376641
1525,433,692,nonpolar,PHE,234.290222101
1526,434,533,nonpolar,ILE,85.6179915746
1527,434,536,nonpolar,ILE,6574.85364377
1528,434,574,nonpolar,ILE,193.02008949
1529,434,593,nonpolar,ILE,202.740135161
1530,434,616,nonpolar,ILE,79.2807084386
1531,434,620,nonpolar,ILE,81.89339232
1532,434,641,nonpolar,ILE,81.9101574032
1533,434,692,nonpolar,ILE,1678.14735027
1534,435,530,nonpolar,LEU,60.6968196166
1535,435,533,nonpolar,LEU,923.411700968
1536,435,536,nonpolar,LEU,1679.57633368
1537,435,543,nonpolar,LEU,2036.29325196
1538,435,560,nonpolar,LEU,1063.56814005
1539,435,570,nonpolar,LEU,69.3916315895
1540,435,574,nonpolar,LEU,286.507420946
1541,435,584,nonpolar,LEU,784.473139371
1542,435,593,nonpolar,LEU,86.9122955898
1543,435,605,nonpolar,LEU,2616.99883811
1544,435,616,nonpolar,LEU,3010.76798216
1545,435,620,nonpolar,LEU,1962.64567317
1546,435,641,nonpolar,LEU,678.3257529
1547,435,642,nonpolar,LEU,68.5425755857
1548,435,650,nonpolar,LEU,1220.26425573
1549,435,677,nonpolar,LEU,1189.18969472
1550,435,692,nonpolar,LEU,6320.68550773
1551,435,702,nonpolar,LEU,412.685046771
1552,436,527,nonpolar,ALA,118.581490403
1553,436,531,nonpolar,ALA,285.495987284
1554,436,533,nonpolar,ALA,640.089293714
1555,436,536,nonpolar,ALA,119.462098811
1556,436,543,nonpolar,ALA,1640.30435229
1557,436,574,nonpolar,ALA,1862.00475395
1558,436,593,nonpolar,ALA,1946.6689393
1559,436,616,nonpolar,ALA,1585.06414347
1560,436,620,nonpolar,ALA,2420.44758397
1561,436,652,nonpolar,ALA,1350.16791227
1562,436,677,nonpolar,ALA,843.699383765
1563,436,692,nonpolar,ALA,740.701691042
1564,437,527,nonpolar,GLY,690.460667347
1565,437,536,nonpolar,GLY,1666.22241751
1566,437,574,nonpolar,GLY,752.668750861
1567,437,580,nonpolar,GLY,635.14991432
1568,437,593,nonpolar,GLY,1736.58899142
1569,437,596,nonpolar,GLY,44.1097911783
1570,437,616,nonpolar,GLY,192.344182841
1571,437,620,nonpolar,GLY,51.1695514601
1572,437,652,nonpolar,GLY,313.243809288
1573,437,677,nonpolar,GLY,49.4948635777
1574,438,527,nonpolar,CYS,66.2167778373
1575,438,536,nonpolar,CYS,2091.62509542
1576,438,574,nonpolar,CYS,140.330622984
1577,438,593,nonpolar,CYS,260.836021121
1578,438,616,nonpolar,CYS,2111.27133232
1579,438,692,nonpolar,CYS,2190.7142446
1580,439,536,nonpolar,ILE,265.629648988
1581,439,543,nonpolar,ILE,1806.997484
1582,439,574,nonpolar,ILE,141.062964007
1583,439,580,nonpolar,ILE,84.6955892501
1584,439,593,nonpolar,ILE,116.228570841
1585,439,605,nonpolar,ILE,3487.10657844
1586,439,616,nonpolar,ILE,4602.00008854
1587,439,618,nonpolar,ILE,84.6441983185
1588,439,620,nonpolar,ILE,1794.969336
1589,439,629,nonpolar,ILE,476.859496428
1590,439,650,nonpolar,ILE,448.448722776
1591,439,652,nonpolar,ILE,1564.09505418
1592,439,677,nonpolar,ILE,1409.44776288
1593,439,692,nonpolar,ILE,4878.16342942
1594,440,527,nonpolar,VAL,3344.77809864
1595,440,531,nonpolar,VAL,841.495383129
1596,440,536,nonpolar,VAL,510.612308087
1597,440,543,nonpolar,VAL,1274.28837795
1598,440,566,nonpolar,VAL,364.942169005
1599,440,574,nonpolar,VAL,1007.10228099
1600,440,580,nonpolar,VAL,3295.11208038
1601,440,593,nonpolar,VAL,1845.07999799
1602,440,596,nonpolar,VAL,1801.67215545
1603,440,616,nonpolar,VAL,2437.49568168
1604,440,618,nonpolar,VAL,689.056975124
1605,440,620,nonpolar,VAL,832.036176948
1606,440,629,nonpolar,VAL,1394.4363107
1607,440,649,nonpolar,VAL,1318.23492258
1608,440,652,nonpolar,VAL,2125.64466644
1609,440,677,nonpolar,VAL,1295.37028808
1610,440,692,nonpolar,VAL,70.755076848
1611,441,527,nonpolar,PHE,2558.74374482
1612,441,536,nonpolar,PHE,993.559113346
1613,441,563,nonpolar,PHE,46.5581973269
1614,441,566,nonpolar,PHE,415.074273305
1615,441,580,nonpolar,PHE,6342.46580488
1616,441,593,nonpolar,PHE,1245.61468355
1617,441,596,nonpolar,PHE,320.323633406
1618,441,616,nonpolar,PHE,156.080254084
1619,441,618,nonpolar,PHE,1073.58986902
1620,441,649,nonpolar,PHE,1083.36971718
1621,441,692,nonpolar,PHE,235.682962255
1622,442,527,nonpolar,VAL,244.111560518
1623,442,536,nonpolar,VAL,300.884223414
1624,442,580,nonpolar,VAL,413.776516045
1625,442,605,nonpolar,VAL,789.925824802
1626,442,616,nonpolar,VAL,430.635085664
1627,442,618,nonpolar,VAL,88.8731494319
1628,442,692,nonpolar,VAL,2194.96598902
1629,443,543,polar,THR,1077.2750077
1630,443,580,polar,THR,105.730112679
1631,443,605,polar,THR,3218.55334902
1632,443,616,polar,THR,6479.95170274
1633,443,618,polar,THR,568.142220688
1634,443,620,polar,THR,274.873365441
1635,443,629,polar,THR,3055.8702394
1636,443,652,polar,THR,1598.12450966
1637,443,677,polar,THR,1142.03455799
1638,443,692,polar,THR,356.456752778
1639,444,527,nonpolar,ILE,1398.56020001
1640,444,543,nonpolar,ILE,274.047657869
1641,444,566,nonpolar,ILE,836.739263956
1642,444,571,nonpolar,ILE,66.0758398775
1643,444,580,nonpolar,ILE,2349.58583979
1644,444,593,nonpolar,ILE,120.342214854
1645,444,596,nonpolar,ILE,65.2881547303
1646,444,605,nonpolar,ILE,174.728019427
1647,444,616,nonpolar,ILE,2216.52998367
1648,444,618,nonpolar,ILE,4925.73752031
1649,444,629,nonpolar,ILE,1249.10953527
1650,444,649,nonpolar,ILE,5135.04532163
1651,444,652,nonpolar,ILE,3723.9733719
1652,444,677,nonpolar,ILE,1876.43092603
1653,444,722,nonpolar,ILE,164.118794598
1654,445,527,nonpolar,PRO,634.341055859
1655,445,580,nonpolar,PRO,659.434392857
1656,445,605,nonpolar,PRO,59.7450263757
1657,445,618,nonpolar,PRO,2798.23863512
1658,445,649,nonpolar,PRO,511.050105404
1659,445,652,nonpolar,PRO,122.175619524
1660,446,605,nonpolar,ALA,1889.21250163
1661,446,616,nonpolar,ALA,593.47671611
1662,446,618,nonpolar,ALA,135.487830775
1663,446,677,nonpolar,ALA,96.6059611274
1664,447,605,nonpolar,VAL,1812.45616965
1665,447,616,nonpolar,VAL,6503.69065663
1666,447,618,nonpolar,VAL,3169.54599814
1667,447,629,nonpolar,VAL,1179.99804308
1668,447,652,nonpolar,VAL,4527.54366836
1669,447,677,nonpolar,VAL,667.688364781
1670,447,684,nonpolar,VAL,54.9459078438
1671,447,722,nonpolar,VAL,329.949435859
1672,448,605,nonpolar,ILE,77.5243929102
1673,448,616,nonpolar,ILE,323.515171263
1674,448,618,nonpolar,ILE,11005.5090308
1675,448,649,nonpolar,ILE,3506.67017812
1676,448,652,nonpolar,ILE,2075.24066409
1677,448,668,nonpolar,ILE,395.475704236
1678,448,722,nonpolar,ILE,476.315088276
1679,449,618,nonpolar,PHE,2498.13638869
1680,450,605,basic polar,LYS,1268.18760314
1681,450,616,basic polar,LYS,19781.7722847
1682,450,618,basic polar,LYS,343.874278091
1683,450,652,basic polar,LYS,9821.65426222
1684,450,675,basic polar,LYS,441.239342612
1685,450,677,basic polar,LYS,714.315278735
1686,450,684,basic polar,LYS,2250.73941152
1687,450,692,basic polar,LYS,695.87711233
1688,450,722,basic polar,LYS,777.605778795
1689,451,616,polar,TYR,3410.05675128
1690,451,618,polar,TYR,10604.4970721
1691,451,652,polar,TYR,20836.1319434
1692,451,675,polar,TYR,889.278915044
1693,451,677,polar,TYR,295.315631642
1694,451,684,polar,TYR,3782.06910279
1695,451,722,polar,TYR,14757.6031269
1696,452,618,nonpolar,ILE,18584.6877015
1697,452,649,nonpolar,ILE,859.942867456
1698,452,722,nonpolar,ILE,4339.44717795
1699,453,618,acidic polar,GLU,2001.31945085
1700,453,722,acidic polar,GLU,1675.58049568
1701,454,616,nonpolar,GLY,574.380598859
1702,454,618,nonpolar,GLY,1020.59151477
1703,454,652,nonpolar,GLY,1213.76098031
1704,454,684,nonpolar,GLY,1140.15674444
1705,454,722,nonpolar,GLY,1611.32255213
1706,455,616,nonpolar,TRP,4491.37409029
1707,455,652,nonpolar,TRP,287.518862907
1708,455,722,nonpolar,TRP,222.719253768
1709,456,605,polar,THR,679.992744335
1710,456,616,polar,THR,9295.89980523
1711,456,652,polar,THR,444.050773781
1712,456,677,polar,THR,461.968788898
1713,456,692,polar,THR,3634.98228938
1714,457,605,nonpolar,ALA,2550.10060618
1715,457,616,nonpolar,ALA,11830.9626795
1716,457,677,nonpolar,ALA,486.490750681
1717,457,692,nonpolar,ALA,3764.51340729
1718,458,605,nonpolar,LEU,1061.23866031
1719,458,616,nonpolar,LEU,2611.36465115
1720,458,678,nonpolar,LEU,170.73743509
1721,458,692,nonpolar,LEU,8938.95033474
1722,459,616,acidic polar,GLU,978.070314829
1723,459,692,acidic polar,GLU,648.991322017
1724,460,605,polar,SER,953.477361206
1725,460,616,polar,SER,682.387084563
1726,460,692,polar,SER,73.2918093615
1727,461,605,nonpolar,ILE,3317.14916914
1728,461,616,nonpolar,ILE,2390.46384237
1729,461,677,nonpolar,ILE,108.023332878
1730,461,692,nonpolar,ILE,5623.80928084
1731,462,692,polar,TYR,157.841213959
1732,464,527,nonpolar,VAL,390.374608121
1733,464,536,nonpolar,VAL,77.2773566326
1734,464,605,nonpolar,VAL,63.3102709086
1735,464,618,nonpolar,VAL,60.9492559777
1736,464,692,nonpolar,VAL,72.9462947968
1737,465,536,nonpolar,VAL,1350.95550462
1738,465,692,nonpolar,VAL,1520.72851415
1739,468,527,nonpolar,LEU,1679.57154785
1740,468,536,nonpolar,LEU,620.482451774
1741,468,618,nonpolar,LEU,79.6022812662
1742,469,536,polar,THR,1020.13004978
1743,478,618,nonpolar,ALA,99.7647373056
1744,481,618,polar,ASN,105.524764004
1745,483,618,nonpolar,GLY,2147.66533734
1746,484,618,nonpolar,ILE,8657.6630642
1747,484,722,nonpolar,ILE,884.643141053
1748,485,618,polar,ASN,13457.2399916
1749,485,649,polar,ASN,8794.81938546
1750,485,681,polar,ASN,3717.21580289
1751,486,618,polar,TYR,10866.062354
1752,486,649,polar,TYR,998.960281968
1753,486,681,polar,TYR,5169.54028611
1754,486,722,polar,TYR,645.028725823
1755,487,607,basic polar,ARG,10385.0168593
1756,487,618,basic polar,ARG,24963.0876272
1757,487,624,basic polar,ARG,858.808195343
1758,487,649,basic polar,ARG,31207.1148801
1759,487,668,basic polar,ARG,29922.7623854
1760,487,681,basic polar,ARG,31842.4577076
1761,487,711,basic polar,ARG,376.043759094
1762,488,618,acidic polar,GLU,734.090570817
1763,488,624,acidic polar,GLU,93.4077888947
1764,488,668,acidic polar,GLU,776.48859485
1765,488,681,acidic polar,GLU,29523.9559474
1766,488,686,acidic polar,GLU,1098.12595994
1767,488,711,acidic polar,GLU,12112.0104308
1768,489,580,nonpolar,TRP,80.7870274485
1769,489,589,nonpolar,TRP,83.9581791612
1770,489,607,nonpolar,TRP,145.290866752
1771,489,618,nonpolar,TRP,5290.19969155
1772,489,624,nonpolar,TRP,94.3385751
1773,489,649,nonpolar,TRP,7945.78514896
1774,489,668,nonpolar,TRP,10562.0453318
1775,489,681,nonpolar,TRP,20841.6404412
1776,489,711,nonpolar,TRP,711.82467011
1777,489,722,nonpolar,TRP,93.9723774849
1778,490,618,polar,TYR,9011.65744013
1779,490,649,polar,TYR,87.4347496321
1780,490,681,polar,TYR,721.041632014
1781,491,618,basic polar,LYS,157.528700193
1782,491,681,basic polar,LYS,211.306179216
1783,491,711,basic polar,LYS,1780.28231759
1784,492,580,nonpolar,PRO,59.0225073807
1785,492,596,nonpolar,PRO,114.46680428
1786,492,618,nonpolar,PRO,87.495622209
1787,492,668,nonpolar,PRO,245.783120714
1788,492,681,nonpolar,PRO,3787.58363091
1789,492,711,nonpolar,PRO,4836.87995906
1790,493,527,nonpolar,LEU,1131.45529827
1791,493,563,nonpolar,LEU,66.2025773768
1792,493,566,nonpolar,LEU,980.304286177
1793,493,580,nonpolar,LEU,1190.83827451
1794,493,596,nonpolar,LEU,326.889254623
1795,493,607,nonpolar,LEU,353.386508736
1796,493,618,nonpolar,LEU,5530.04614835
1797,493,624,nonpolar,LEU,1393.05251314
1798,493,649,nonpolar,LEU,3324.69992756
1799,493,668,nonpolar,LEU,2250.2755525
1800,493,681,nonpolar,LEU,4138.86594116
1801,493,711,nonpolar,LEU,765.091262147
1802,494,580,nonpolar,VAL,170.204571288
1803,494,618,nonpolar,VAL,3049.26740673
1804,494,668,nonpolar,VAL,75.4348777646
1805,494,681,nonpolar,VAL,124.405534043
1806,494,711,nonpolar,VAL,109.387315471
1807,495,527,nonpolar,TRP,497.470295287
1808,495,563,nonpolar,TRP,77.2591595956
1809,495,596,nonpolar,TRP,276.286651279
1810,495,618,nonpolar,TRP,87.0130088746
1811,495,681,nonpolar,TRP,3214.99249549
1812,495,686,nonpolar,TRP,58.2918433765
1813,495,711,nonpolar,TRP,3913.71337418
1814,496,527,nonpolar,PHE,1867.9255976
1815,496,559,nonpolar,PHE,993.037398518
1816,496,563,nonpolar,PHE,1108.77105271
1817,496,566,nonpolar,PHE,1512.41435162
1818,496,580,nonpolar,PHE,2680.27582509
1819,496,589,nonpolar,PHE,106.011312071
1820,496,590,nonpolar,PHE,440.518830815
1821,496,596,nonpolar,PHE,1454.40569618
1822,496,618,nonpolar,PHE,936.44637706
1823,496,624,nonpolar,PHE,1452.98238846
1824,496,649,nonpolar,PHE,914.224328198
1825,496,668,nonpolar,PHE,1730.76170731
1826,496,681,nonpolar,PHE,2081.98030159
1827,496,686,nonpolar,PHE,889.796488875
1828,496,710,nonpolar,PHE,49.8855254601
1829,496,711,nonpolar,PHE,2273.79809109
1830,497,527,nonpolar,TRP,2905.67733589
1831,497,563,nonpolar,TRP,85.8614381656
1832,497,566,nonpolar,TRP,1512.55730203
1833,497,580,nonpolar,TRP,2948.30788355
1834,497,596,nonpolar,TRP,1046.02276877
1835,497,618,nonpolar,TRP,5797.99324409
1836,497,649,nonpolar,TRP,839.610026526
1837,497,668,nonpolar,TRP,616.026507646
1838,497,681,nonpolar,TRP,233.057802093
1839,497,711,nonpolar,TRP,146.061313109
1840,498,527,nonpolar,ILE,106.730614488
1841,498,580,nonpolar,ILE,160.401976287
1842,498,618,nonpolar,ILE,134.848808205
1843,499,527,nonpolar,LEU,1196.89568371
1844,499,563,nonpolar,LEU,1249.56864779
1845,499,566,nonpolar,LEU,357.250193593
1846,499,580,nonpolar,LEU,1426.60854016
1847,499,590,nonpolar,LEU,590.747067404
1848,499,596,nonpolar,LEU,771.590161285
1849,499,618,nonpolar,LEU,543.095172402
1850,499,681,nonpolar,LEU,2225.54821619
1851,499,686,nonpolar,LEU,525.490327386
1852,499,711,nonpolar,LEU,140.090850466
1853,500,527,nonpolar,VAL,3864.52624314
1854,500,563,nonpolar,VAL,2332.12550728
1855,500,566,nonpolar,VAL,1100.8502547
1856,500,580,nonpolar,VAL,4589.01801228
1857,500,593,nonpolar,VAL,1330.49682149
1858,500,596,nonpolar,VAL,793.427452819
1859,500,618,nonpolar,VAL,914.705055021
1860,500,649,nonpolar,VAL,350.745775163
1861,500,681,nonpolar,VAL,60.9415921831
1862,501,527,nonpolar,GLY,831.711655367
1863,501,536,nonpolar,GLY,47.0000058787
1864,501,563,nonpolar,GLY,55.1292671789
1865,501,580,nonpolar,GLY,250.484604614
1866,501,593,nonpolar,GLY,73.5549623631
1867,501,618,nonpolar,GLY,69.8212481503
1868,502,527,nonpolar,LEU,544.329043236
1869,502,536,nonpolar,LEU,318.345259466
1870,503,527,nonpolar,ALA,527.449085653
1871,503,563,nonpolar,ALA,963.783287782
1872,503,580,nonpolar,ALA,294.598573157
1873,503,593,nonpolar,ALA,410.43085645
1874,504,527,polar,TYR,1432.55393685
1875,504,536,polar,TYR,1094.20650208
1876,504,563,polar,TYR,170.669300873
1877,504,574,polar,TYR,529.464024772
1878,504,580,polar,TYR,3378.3091521
1879,504,593,polar,TYR,4197.94563376
1880,504,618,polar,TYR,67.2499450555
1881,505,527,nonpolar,PHE,69.2286832377
1882,505,536,nonpolar,PHE,3732.6987822
1883,505,692,nonpolar,PHE,154.363033923
1884,506,536,nonpolar,ALA,757.666355162
1885,507,536,nonpolar,ALA,93.7504505339
1886,507,593,nonpolar,ALA,53.0669545829
1887,508,536,nonpolar,VAL,4308.99361608
1888,508,550,nonpolar,VAL,71.5583193975
1889,508,593,nonpolar,VAL,61.1566892486
1890,508,692,nonpolar,VAL,65.2686035635
1891,509,536,nonpolar,LEU,3973.47806682
1892,509,550,nonpolar,LEU,253.14471625
1893,509,692,nonpolar,LEU,81.0337006406
1894,510,536,polar,SER,108.216392297
1895,511,536,nonpolar,MET,956.934874678
1896,512,536,nonpolar,ILE,11366.7423364
1897,512,550,nonpolar,ILE,1313.95670646
1898,513,536,nonpolar,GLY,299.159721907
1899,514,536,acidic polar,ASP,747.654773151
1900,515,536,nonpolar,TRP,24935.4193473
1901,515,550,nonpolar,TRP,105.809213811
1902,515,560,nonpolar,TRP,97.5348477984
1903,516,530,nonpolar,LEU,825.077291787
1904,516,536,nonpolar,LEU,5703.00311494
1905,516,550,nonpolar,LEU,3443.08043523
1906,516,577,nonpolar,LEU,1099.92986626
1907,517,536,basic polar,ARG,223.502902738
1908,517,550,basic polar,ARG,729.694449598
1909,518,536,nonpolar,VAL,3233.51578682
1910,518,550,nonpolar,VAL,3098.67795384
1911,519,530,nonpolar,LEU,1754.73414671
1912,519,536,nonpolar,LEU,5373.27245178
1913,519,550,nonpolar,LEU,12355.241605
1914,519,560,nonpolar,LEU,2910.88463557
1915,519,577,nonpolar,LEU,569.468893512
1916,519,615,nonpolar,LEU,789.544988726
1917,520,530,polar,SER,110.348917607
1918,520,536,polar,SER,65.3493557887
1919,520,550,polar,SER,6373.54223296
1920,520,560,polar,SER,72.3353883324
1921,520,577,polar,SER,92.2184943815
1922,521,550,basic polar,LYS,15743.1210195
1923,521,577,basic polar,LYS,3294.69498499
